FakeCustomerID,Pre_COVID_Volume,COVID_Volume,Volume_Growth_Rate,Customer_Category,Capped_Growth,Volume_Tier,Customer_Size,Discount
100771,442.0,1341.0,203.39366515837102,High Growth,100.0,High Volume,Small,4
102180,1365.0,3989.0,192.23443223443223,High Growth,100.0,High Volume,Small,4
102643,745.0,1104.0,48.18791946308725,High Growth,48.18791946308725,High Volume,Small,4
102750,344.0,209.0,-39.24418604651162,Declining,-39.24418604651162,Medium Volume,Other,0
103308,19560.0,79952.0,308.7525562372188,High Growth,100.0,High Volume,Medium,10
103862,693.0,5900.0,751.3708513708514,High Growth,100.0,High Volume,Small,4
104216,595.0,872.0,46.554621848739494,High Growth,46.554621848739494,High Volume,Other,0
104298,41264.0,59655.0,44.56911593640946,High Growth,44.56911593640946,High Volume,Medium,10
105129,433.0,411.0,-5.080831408775981,Declining,-5.080831408775981,Medium Volume,Other,0
105157,481.0,2816.0,485.4469854469855,High Growth,100.0,High Volume,Small,4
105679,3240.0,10097.0,211.63580246913577,High Growth,100.0,High Volume,Medium,10
105732,1000.0,7407.0,640.7,High Growth,100.0,High Volume,Small,4
105833,674.0,2784.0,313.05637982195844,High Growth,100.0,High Volume,Small,4
107034,8975.0,6627.0,-26.16155988857939,Declining,-26.16155988857939,High Volume,Small,4
108454,0.0,1955.0,,New Customer,,High Volume,Small,4
109196,275.0,1099.0,299.6363636363637,High Growth,100.0,High Volume,Small,4
109209,322.0,6388.0,1883.8509316770185,High Growth,100.0,High Volume,Small,4
109422,573.0,1421.0,147.99301919720767,High Growth,100.0,High Volume,Small,4
109930,2069.0,12442.0,501.35331077815374,High Growth,100.0,High Volume,Medium,10
110804,4648.0,7488.0,61.10154905335629,High Growth,61.10154905335629,High Volume,Small,4
111250,377.0,1537.0,307.69230769230774,High Growth,100.0,High Volume,Small,4
112215,13097.0,13918.0,6.268611132320379,Moderately Growing,6.268611132320379,High Volume,Medium,10
113454,867.0,2582.0,197.8085351787774,High Growth,100.0,High Volume,Small,4
114555,3234.0,5212.0,61.16264687693259,High Growth,61.16264687693259,High Volume,Small,4
114564,3069.0,12791.0,316.7807103290974,High Growth,100.0,High Volume,Medium,10
114771,4612.0,10469.0,126.99479618386817,High Growth,100.0,High Volume,Medium,10
115266,53396.0,374746.0,601.8241066746573,High Growth,100.0,High Volume,Large,17
115586,734.0,4322.0,488.8283378746594,High Growth,100.0,High Volume,Small,4
116126,3241.0,0.0,-100.0,Declining,-100.0,Low Volume,Other,0
117163,1049.0,2665.0,154.0514775977121,High Growth,100.0,High Volume,Small,4
117899,50713.0,218793.0,331.4337546585688,High Growth,100.0,High Volume,Large,17
118720,384.0,4654.0,1111.9791666666665,High Growth,100.0,High Volume,Small,4
119154,633.0,2120.0,234.913112164297,High Growth,100.0,High Volume,Small,4
119366,817.0,7700.0,842.4724602203182,High Growth,100.0,High Volume,Small,4
119726,111.0,16053.0,14362.162162162162,High Growth,100.0,High Volume,Medium,10
120030,844.0,2455.0,190.87677725118485,High Growth,100.0,High Volume,Small,4
120264,391.0,3979.0,917.6470588235294,High Growth,100.0,High Volume,Small,4
123806,2269733.0,12420500.0,447.22295529914754,High Growth,100.0,High Volume,Enterprise,22
123901,341.0,2623.0,669.208211143695,High Growth,100.0,High Volume,Small,4
124898,733.0,504.0,-31.241473396998636,Declining,-31.241473396998636,High Volume,Other,0
126917,278.0,409.0,47.122302158273385,High Growth,47.122302158273385,Medium Volume,Other,0
127658,11849.0,91217.0,669.8286775255295,High Growth,100.0,High Volume,Medium,10
129828,949.0,3100.0,226.6596417281349,High Growth,100.0,High Volume,Small,4
130603,48480.0,251077.0,417.8981023102311,High Growth,100.0,High Volume,Large,17
132789,2177.0,8364.0,284.1984382177308,High Growth,100.0,High Volume,Small,4
133004,5225.0,60227.0,1052.66985645933,High Growth,100.0,High Volume,Medium,10
134260,429.0,1685.0,292.7738927738928,High Growth,100.0,High Volume,Small,4
134688,492.0,924.0,87.8048780487805,High Growth,87.8048780487805,High Volume,Other,0
135565,1225.0,13111.0,970.2857142857143,High Growth,100.0,High Volume,Medium,10
137245,1076.0,2610.0,142.56505576208178,High Growth,100.0,High Volume,Small,4
137550,1190.0,3864.0,224.7058823529412,High Growth,100.0,High Volume,Small,4
137580,803.0,1085.0,35.118306351183065,High Growth,35.118306351183065,High Volume,Small,4
137770,2675.0,12325.0,360.7476635514019,High Growth,100.0,High Volume,Medium,10
139056,980.0,2178.0,122.24489795918367,High Growth,100.0,High Volume,Small,4
139932,2160.0,3828.0,77.22222222222223,High Growth,77.22222222222223,High Volume,Small,4
140137,716.0,2669.0,272.7653631284916,High Growth,100.0,High Volume,Small,4
141285,2202.0,8961.0,306.9482288828338,High Growth,100.0,High Volume,Small,4
142244,441.0,3459.0,684.3537414965987,High Growth,100.0,High Volume,Small,4
142426,473.0,2008.0,324.52431289640595,High Growth,100.0,High Volume,Small,4
142553,248.0,1626.0,555.6451612903226,High Growth,100.0,High Volume,Small,4
144127,1007.0,14119.0,1302.085402184707,High Growth,100.0,High Volume,Medium,10
145203,60.0,829.0,1281.6666666666667,High Growth,100.0,High Volume,Other,0
145719,481.0,99.0,-79.41787941787942,Declining,-79.41787941787942,Low Volume,Other,0
146899,1373.0,3887.0,183.10269482884195,High Growth,100.0,High Volume,Small,4
150644,2177.0,10600.0,386.9085898024805,High Growth,100.0,High Volume,Medium,10
151144,392.0,1265.0,222.70408163265304,High Growth,100.0,High Volume,Small,4
152878,291.0,15091.0,5085.910652920962,High Growth,100.0,High Volume,Medium,10
155075,707.0,2179.0,208.2036775106082,High Growth,100.0,High Volume,Small,4
155390,370.0,928.0,150.8108108108108,High Growth,100.0,High Volume,Other,0
156163,628.0,3091.0,392.19745222929936,High Growth,100.0,High Volume,Small,4
156924,1196.0,1455.0,21.65551839464883,High Growth,21.65551839464883,High Volume,Small,4
157701,241.0,4053.0,1581.7427385892117,High Growth,100.0,High Volume,Small,4
158330,649.0,766.0,18.02773497688752,High Growth,18.02773497688752,High Volume,Other,0
159364,1440.0,4155.0,188.54166666666669,High Growth,100.0,High Volume,Small,4
159874,1247.0,3031.0,143.0633520449078,High Growth,100.0,High Volume,Small,4
162466,2920.0,25082.0,758.972602739726,High Growth,100.0,High Volume,Medium,10
162615,318.0,1503.0,372.64150943396226,High Growth,100.0,High Volume,Small,4
163057,847.0,3923.0,363.16410861865404,High Growth,100.0,High Volume,Small,4
164377,48267.0,3720.0,-92.29287090558766,Declining,-92.29287090558766,High Volume,Small,4
165730,393.0,321.0,-18.3206106870229,Declining,-18.3206106870229,Medium Volume,Other,0
166091,1429.0,3481.0,143.5969209237229,High Growth,100.0,High Volume,Small,4
167795,276.0,1606.0,481.88405797101444,High Growth,100.0,High Volume,Small,4
168399,343.0,1471.0,328.86297376093296,High Growth,100.0,High Volume,Small,4
169214,149.0,247.0,65.77181208053692,High Growth,65.77181208053692,Medium Volume,Other,0
169868,2181.0,17307.0,693.53507565337,High Growth,100.0,High Volume,Medium,10
171458,2153.0,18161.0,743.5206688341848,High Growth,100.0,High Volume,Medium,10
172282,977.0,923.0,-5.527123848515865,Declining,-5.527123848515865,High Volume,Other,0
174770,498.0,1977.0,296.9879518072289,High Growth,100.0,High Volume,Small,4
175233,1802.0,3246.0,80.13318534961155,High Growth,80.13318534961155,High Volume,Small,4
176306,1495.0,6291.0,320.8026755852843,High Growth,100.0,High Volume,Small,4
177272,509.0,2364.0,364.4400785854617,High Growth,100.0,High Volume,Small,4
177318,10979.0,7267.0,-33.81000091082977,Declining,-33.81000091082977,High Volume,Small,4
178060,270.0,891.0,229.99999999999997,High Growth,100.0,High Volume,Other,0
178432,957.0,11227.0,1073.1452455590386,High Growth,100.0,High Volume,Medium,10
178731,3135.0,7816.0,149.31419457735245,High Growth,100.0,High Volume,Small,4
178797,582.0,1995.0,242.78350515463916,High Growth,100.0,High Volume,Small,4
178835,28249.0,100121.0,254.42316542178483,High Growth,100.0,High Volume,Medium,10
179544,997.0,4273.0,328.58575727181545,High Growth,100.0,High Volume,Small,4
179838,2984.0,918.0,-69.23592493297586,Declining,-69.23592493297586,High Volume,Other,0
180567,447.0,3407.0,662.1923937360178,High Growth,100.0,High Volume,Small,4
182784,1548.0,1656.0,6.976744186046512,Moderately Growing,6.976744186046512,High Volume,Small,4
183231,1661.0,2216.0,33.41360626128838,High Growth,33.41360626128838,High Volume,Small,4
186819,15921.0,10578.0,-33.55944978330507,Declining,-33.55944978330507,High Volume,Medium,10
187319,316.0,1456.0,360.7594936708861,High Growth,100.0,High Volume,Small,4
188073,795.0,7887.0,892.0754716981132,High Growth,100.0,High Volume,Small,4
188225,419.0,2744.0,554.8926014319809,High Growth,100.0,High Volume,Small,4
188238,5299.0,28127.0,430.79826382336284,High Growth,100.0,High Volume,Medium,10
188710,680.0,1299.0,91.02941176470588,High Growth,91.02941176470588,High Volume,Small,4
189658,275.0,5742.0,1988.0,High Growth,100.0,High Volume,Small,4
190124,20.0,2792.0,13860.0,High Growth,100.0,High Volume,Small,4
190135,979.0,1068.0,9.090909090909092,Moderately Growing,9.090909090909092,High Volume,Small,4
190192,0.0,12609.0,,New Customer,,High Volume,Medium,10
190745,331.0,1382.0,317.5226586102719,High Growth,100.0,High Volume,Small,4
192167,1972.0,17371.0,780.8823529411765,High Growth,100.0,High Volume,Medium,10
192536,398.0,1858.0,366.83417085427135,High Growth,100.0,High Volume,Small,4
193702,236.0,1694.0,617.7966101694915,High Growth,100.0,High Volume,Small,4
194577,345.0,4889.0,1317.1014492753623,High Growth,100.0,High Volume,Small,4
195237,1569.0,2399.0,52.89993626513703,High Growth,52.89993626513703,High Volume,Small,4
196254,6082.0,6599.0,8.50049325879645,Moderately Growing,8.50049325879645,High Volume,Small,4
196632,868.0,1572.0,81.10599078341014,High Growth,81.10599078341014,High Volume,Small,4
196781,865.0,1.0,-99.88439306358381,Declining,-99.88439306358381,Low Volume,Other,0
196835,44594.0,193286.0,333.43499125442884,High Growth,100.0,High Volume,Medium,10
198080,2199.0,597.0,-72.8512960436562,Declining,-72.8512960436562,High Volume,Other,0
198502,891.0,1552.0,74.18630751964085,High Growth,74.18630751964085,High Volume,Small,4
199653,1835.0,5701.0,210.68119891008172,High Growth,100.0,High Volume,Small,4
199718,1005.0,1780.0,77.11442786069652,High Growth,77.11442786069652,High Volume,Small,4
201196,3099.0,37991.0,1125.911584382059,High Growth,100.0,High Volume,Medium,10
202573,1804.0,4544.0,151.88470066518846,High Growth,100.0,High Volume,Small,4
203090,1594.0,15384.0,865.1191969887076,High Growth,100.0,High Volume,Medium,10
205223,1612.0,2006.0,24.441687344913152,High Growth,24.441687344913152,High Volume,Small,4
205943,4398.0,24297.0,452.45566166439295,High Growth,100.0,High Volume,Medium,10
206155,6373.0,10625.0,66.71897065746116,High Growth,66.71897065746116,High Volume,Medium,10
209054,850.0,2230.0,162.35294117647058,High Growth,100.0,High Volume,Small,4
209479,399.0,931.0,133.33333333333331,High Growth,100.0,High Volume,Other,0
209666,352.0,557.0,58.23863636363637,High Growth,58.23863636363637,High Volume,Other,0
210017,248.0,138.0,-44.354838709677416,Declining,-44.354838709677416,Medium Volume,Other,0
210626,923.0,1542.0,67.06392199349945,High Growth,67.06392199349945,High Volume,Small,4
210645,870.0,8665.0,895.9770114942529,High Growth,100.0,High Volume,Small,4
211598,51797.0,174525.0,236.94036334150627,High Growth,100.0,High Volume,Medium,10
212169,0.0,3.0,,New Customer,,Low Volume,Other,0
212354,1010.0,5633.0,457.7227722772277,High Growth,100.0,High Volume,Small,4
213947,519.0,1173.0,126.01156069364161,High Growth,100.0,High Volume,Small,4
215836,81603.0,270740.0,231.77701800178914,High Growth,100.0,High Volume,Large,17
216220,23474.0,36448.0,55.26966004941638,High Growth,55.26966004941638,High Volume,Medium,10
218010,365.0,640.0,75.34246575342466,High Growth,75.34246575342466,High Volume,Other,0
218279,911.0,7051.0,673.9846322722284,High Growth,100.0,High Volume,Small,4
219114,812.0,5355.0,559.4827586206897,High Growth,100.0,High Volume,Small,4
219797,495.0,847.0,71.11111111111111,High Growth,71.11111111111111,High Volume,Other,0
220475,1114.0,37836.0,3296.4093357271095,High Growth,100.0,High Volume,Medium,10
221605,7107.0,8901.0,25.24271844660194,High Growth,25.24271844660194,High Volume,Small,4
221914,339.0,13378.0,3846.312684365782,High Growth,100.0,High Volume,Medium,10
222053,1462.0,5822.0,298.2216142270862,High Growth,100.0,High Volume,Small,4
224690,6325.0,3640.0,-42.45059288537549,Declining,-42.45059288537549,High Volume,Small,4
226167,354.0,671.0,89.54802259887006,High Growth,89.54802259887006,High Volume,Other,0
226250,38233.0,55681.0,45.63596892736641,High Growth,45.63596892736641,High Volume,Medium,10
226492,866.0,6754.0,679.9076212471132,High Growth,100.0,High Volume,Small,4
227440,909.0,13102.0,1341.3641364136413,High Growth,100.0,High Volume,Medium,10
228893,176.0,0.0,-100.0,Declining,-100.0,Low Volume,Other,0
229592,177.0,4959.0,2701.6949152542375,High Growth,100.0,High Volume,Small,4
230420,295.0,613.0,107.79661016949153,High Growth,100.0,High Volume,Other,0
231110,1609.0,5708.0,254.75450590428838,High Growth,100.0,High Volume,Small,4
231140,944.0,6302.0,567.5847457627118,High Growth,100.0,High Volume,Small,4
231960,392.0,2010.0,412.7551020408164,High Growth,100.0,High Volume,Small,4
233847,2082.0,8905.0,327.7137367915466,High Growth,100.0,High Volume,Small,4
234106,16382.0,71242.0,334.8797460627518,High Growth,100.0,High Volume,Medium,10
236105,225.0,905.0,302.22222222222223,High Growth,100.0,High Volume,Other,0
236198,330.0,1011.0,206.36363636363635,High Growth,100.0,High Volume,Small,4
236400,599.0,2957.0,393.6560934891486,High Growth,100.0,High Volume,Small,4
237353,328.0,766.0,133.53658536585365,High Growth,100.0,High Volume,Other,0
238525,228.0,3609.0,1482.8947368421052,High Growth,100.0,High Volume,Small,4
239088,1191.0,4108.0,244.9202350965575,High Growth,100.0,High Volume,Small,4
239408,0.0,3481.0,,New Customer,,High Volume,Small,4
241661,630.0,2096.0,232.6984126984127,High Growth,100.0,High Volume,Small,4
244064,378.0,1342.0,255.026455026455,High Growth,100.0,High Volume,Small,4
244211,5578.0,32898.0,489.7812836141987,High Growth,100.0,High Volume,Medium,10
246102,1.0,1411.0,141000.0,High Growth,100.0,High Volume,Small,4
247444,756.0,1460.0,93.12169312169311,High Growth,93.12169312169311,High Volume,Small,4
247714,294.0,5871.0,1896.938775510204,High Growth,100.0,High Volume,Small,4
248512,3944.0,17173.0,335.420892494929,High Growth,100.0,High Volume,Medium,10
248762,403.0,1294.0,221.09181141439205,High Growth,100.0,High Volume,Small,4
248876,916.0,4175.0,355.7860262008734,High Growth,100.0,High Volume,Small,4
249743,3192.0,5255.0,64.63032581453633,High Growth,64.63032581453633,High Volume,Small,4
250740,934.0,3126.0,234.68950749464668,High Growth,100.0,High Volume,Small,4
253015,150.0,3277.0,2084.666666666667,High Growth,100.0,High Volume,Small,4
253678,3501.0,7027.0,100.71408169094545,High Growth,100.0,High Volume,Small,4
255704,269.0,4836.0,1697.7695167286247,High Growth,100.0,High Volume,Small,4
256304,683.0,4937.0,622.8404099560762,High Growth,100.0,High Volume,Small,4
256717,1755.0,7226.0,311.73789173789174,High Growth,100.0,High Volume,Small,4
257959,294.0,1949.0,562.9251700680272,High Growth,100.0,High Volume,Small,4
258831,582.0,1297.0,122.85223367697596,High Growth,100.0,High Volume,Small,4
259195,9569.0,66534.0,595.307764656704,High Growth,100.0,High Volume,Medium,10
259662,254.0,3533.0,1290.9448818897638,High Growth,100.0,High Volume,Small,4
261165,385.0,778.0,102.07792207792208,High Growth,100.0,High Volume,Other,0
261943,47347.0,119747.0,152.9135953703508,High Growth,100.0,High Volume,Medium,10
262253,330.0,101.0,-69.39393939393939,Declining,-69.39393939393939,Medium Volume,Other,0
262597,1511.0,3380.0,123.69291859695566,High Growth,100.0,High Volume,Small,4
262774,1723.0,13071.0,658.6186883343006,High Growth,100.0,High Volume,Medium,10
263278,454.0,1381.0,204.1850220264317,High Growth,100.0,High Volume,Small,4
265348,352.0,826.0,134.6590909090909,High Growth,100.0,High Volume,Other,0
265854,425.0,3804.0,795.0588235294117,High Growth,100.0,High Volume,Small,4
265982,480.0,8283.0,1625.6250000000002,High Growth,100.0,High Volume,Small,4
266431,525.0,2505.0,377.1428571428571,High Growth,100.0,High Volume,Small,4
268573,1621.0,6963.0,329.5496607032696,High Growth,100.0,High Volume,Small,4
268720,259.0,10070.0,3788.030888030888,High Growth,100.0,High Volume,Medium,10
268956,644.0,846.0,31.366459627329192,High Growth,31.366459627329192,High Volume,Other,0
269264,586.0,653.0,11.433447098976108,High Growth,11.433447098976108,High Volume,Other,0
269782,1763.0,15119.0,757.5723199092456,High Growth,100.0,High Volume,Medium,10
271386,4277.0,10019.0,134.2529810614917,High Growth,100.0,High Volume,Medium,10
272862,643.0,1578.0,145.41213063763607,High Growth,100.0,High Volume,Small,4
274076,5494.0,6.0,-99.89078995267565,Declining,-99.89078995267565,Low Volume,Other,0
274367,1775.0,2060.0,16.056338028169016,High Growth,16.056338028169016,High Volume,Small,4
274639,75.0,1806.0,2308.0,High Growth,100.0,High Volume,Small,4
274709,1474.0,3604.0,144.50474898236092,High Growth,100.0,High Volume,Small,4
274950,751.0,2549.0,239.4141145139814,High Growth,100.0,High Volume,Small,4
275242,52576.0,443928.0,744.3548387096774,High Growth,100.0,High Volume,Large,17
276210,2158.0,6747.0,212.65060240963854,High Growth,100.0,High Volume,Small,4
278049,492.0,2593.0,427.0325203252033,High Growth,100.0,High Volume,Small,4
278428,496.0,0.0,-100.0,Declining,-100.0,Low Volume,Other,0
279237,612.0,3358.0,448.6928104575163,High Growth,100.0,High Volume,Small,4
279814,454.0,2815.0,520.0440528634361,High Growth,100.0,High Volume,Small,4
280243,1111.0,1848.0,66.33663366336634,High Growth,66.33663366336634,High Volume,Small,4
281391,404.0,680.0,68.31683168316832,High Growth,68.31683168316832,High Volume,Other,0
281486,364.0,309.0,-15.10989010989011,Declining,-15.10989010989011,Medium Volume,Other,0
281659,1176.0,30.0,-97.44897959183673,Declining,-97.44897959183673,Low Volume,Other,0
282854,604.0,180.0,-70.19867549668875,Declining,-70.19867549668875,Medium Volume,Other,0
284087,1613.0,6989.0,333.29200247985125,High Growth,100.0,High Volume,Small,4
284276,346.0,3895.0,1025.7225433526012,High Growth,100.0,High Volume,Small,4
285459,3434.0,6168.0,79.6156086196855,High Growth,79.6156086196855,High Volume,Small,4
285591,70538.0,365509.0,418.1731832487453,High Growth,100.0,High Volume,Large,17
285685,448.0,561.0,25.223214285714285,High Growth,25.223214285714285,High Volume,Other,0
287017,4304.0,20689.0,380.6923791821562,High Growth,100.0,High Volume,Medium,10
288241,589.0,5934.0,907.4702886247877,High Growth,100.0,High Volume,Small,4
289215,408.0,682.0,67.15686274509804,High Growth,67.15686274509804,High Volume,Other,0
291584,273.0,322.0,17.94871794871795,High Growth,17.94871794871795,Medium Volume,Other,0
291647,4895.0,2819.0,-42.41062308478038,Declining,-42.41062308478038,High Volume,Small,4
292545,800.0,1130.0,41.25,High Growth,41.25,High Volume,Small,4
292640,1518.0,5357.0,252.8985507246377,High Growth,100.0,High Volume,Small,4
294213,608.0,2637.0,333.71710526315786,High Growth,100.0,High Volume,Small,4
295997,0.0,5732.0,,New Customer,,High Volume,Small,4
296519,2039.0,1247.0,-38.84256988719961,Declining,-38.84256988719961,High Volume,Small,4
297146,2154.0,8692.0,303.52831940575675,High Growth,100.0,High Volume,Small,4
298042,1339.0,4447.0,232.11351755041076,High Growth,100.0,High Volume,Small,4
298252,193.0,2373.0,1129.5336787564765,High Growth,100.0,High Volume,Small,4
298506,4355.0,47051.0,980.390355912744,High Growth,100.0,High Volume,Medium,10
299235,550.0,1535.0,179.0909090909091,High Growth,100.0,High Volume,Small,4
299271,863.0,545.0,-36.848203939745076,Declining,-36.848203939745076,High Volume,Other,0
300385,459.0,998.0,117.42919389978212,High Growth,100.0,High Volume,Other,0
300524,59386.0,267743.0,350.852052672347,High Growth,100.0,High Volume,Large,17
300970,1298.0,6701.0,416.25577812018486,High Growth,100.0,High Volume,Small,4
301401,479.0,1328.0,177.24425887265136,High Growth,100.0,High Volume,Small,4
302006,396.0,419.0,5.808080808080808,Moderately Growing,5.808080808080808,Medium Volume,Other,0
302174,557.0,7522.0,1250.4488330341112,High Growth,100.0,High Volume,Small,4
302918,379.0,1979.0,422.16358839050133,High Growth,100.0,High Volume,Small,4
304028,497.0,1135.0,128.3702213279678,High Growth,100.0,High Volume,Small,4
304206,527.0,1188.0,125.426944971537,High Growth,100.0,High Volume,Small,4
304715,1426.0,10451.0,632.8892005610098,High Growth,100.0,High Volume,Medium,10
305364,619.0,2846.0,359.77382875605815,High Growth,100.0,High Volume,Small,4
305912,3016.0,7210.0,139.0583554376658,High Growth,100.0,High Volume,Small,4
306021,748.0,2102.0,181.01604278074865,High Growth,100.0,High Volume,Small,4
307244,770.0,1712.0,122.33766233766235,High Growth,100.0,High Volume,Small,4
308228,2187.0,4817.0,120.25605852766346,High Growth,100.0,High Volume,Small,4
308930,3497.0,9951.0,184.55819273663138,High Growth,100.0,High Volume,Small,4
310089,52.0,2785.0,5255.7692307692305,High Growth,100.0,High Volume,Small,4
310159,311.0,4107.0,1220.5787781350482,High Growth,100.0,High Volume,Small,4
311065,4048.0,3874.0,-4.298418972332016,Declining,-4.298418972332016,High Volume,Small,4
311781,245.0,6356.0,2494.285714285714,High Growth,100.0,High Volume,Small,4
312033,408.0,1485.0,263.9705882352941,High Growth,100.0,High Volume,Small,4
313042,1121.0,0.0,-100.0,Declining,-100.0,Low Volume,Other,0
315742,696.0,6845.0,883.4770114942529,High Growth,100.0,High Volume,Small,4
317325,67.0,1185.0,1668.6567164179105,High Growth,100.0,High Volume,Small,4
317344,6089.0,19284.0,216.70224995894233,High Growth,100.0,High Volume,Medium,10
319000,382.0,2055.0,437.95811518324604,High Growth,100.0,High Volume,Small,4
319103,371.0,1183.0,218.86792452830187,High Growth,100.0,High Volume,Small,4
321504,29970.0,50244.0,67.64764764764764,High Growth,67.64764764764764,High Volume,Medium,10
321548,421.0,7924.0,1782.1852731591448,High Growth,100.0,High Volume,Small,4
322070,541.0,4928.0,810.90573012939,High Growth,100.0,High Volume,Small,4
322111,4232.0,10843.0,156.21455576559546,High Growth,100.0,High Volume,Medium,10
322643,1867.0,13600.0,628.4413497589716,High Growth,100.0,High Volume,Medium,10
323757,456.0,155.0,-66.00877192982456,Declining,-66.00877192982456,Medium Volume,Other,0
325697,527.0,10010.0,1799.4307400379507,High Growth,100.0,High Volume,Medium,10
326191,855.0,4824.0,464.2105263157895,High Growth,100.0,High Volume,Small,4
327083,1141.0,5818.0,409.9035933391762,High Growth,100.0,High Volume,Small,4
327589,268.0,1824.0,580.5970149253732,High Growth,100.0,High Volume,Small,4
328820,6024.0,44046.0,631.1752988047809,High Growth,100.0,High Volume,Medium,10
329285,366.0,652.0,78.14207650273224,High Growth,78.14207650273224,High Volume,Other,0
330092,3908.0,15081.0,285.9007164790174,High Growth,100.0,High Volume,Medium,10
330188,348.0,1356.0,289.6551724137931,High Growth,100.0,High Volume,Small,4
330752,441.0,1212.0,174.8299319727891,High Growth,100.0,High Volume,Small,4
331166,683.0,265.0,-61.20058565153733,Declining,-61.20058565153733,Medium Volume,Other,0
332301,1755.0,4556.0,159.6011396011396,High Growth,100.0,High Volume,Small,4
334585,3629.0,18492.0,409.56186277211356,High Growth,100.0,High Volume,Medium,10
334809,1257.0,0.0,-100.0,Declining,-100.0,Low Volume,Other,0
335365,210.0,885.0,321.42857142857144,High Growth,100.0,High Volume,Other,0
335977,104.0,812.0,680.7692307692307,High Growth,100.0,High Volume,Other,0
336112,2734.0,861.0,-68.50768105340161,Declining,-68.50768105340161,High Volume,Other,0
336957,955.0,1407.0,47.32984293193717,High Growth,47.32984293193717,High Volume,Small,4
337315,1244.0,7367.0,492.2025723472669,High Growth,100.0,High Volume,Small,4
338088,388.0,3376.0,770.1030927835052,High Growth,100.0,High Volume,Small,4
338159,1209.0,2581.0,113.48221670802316,High Growth,100.0,High Volume,Small,4
340522,1245.0,12282.0,886.5060240963854,High Growth,100.0,High Volume,Medium,10
341137,24892.0,214676.0,762.429696287964,High Growth,100.0,High Volume,Large,17
342831,744.0,1774.0,138.44086021505376,High Growth,100.0,High Volume,Small,4
343799,3596.0,26863.0,647.0244716351501,High Growth,100.0,High Volume,Medium,10
343869,482.0,1470.0,204.97925311203318,High Growth,100.0,High Volume,Small,4
344016,938.0,833.0,-11.194029850746269,Declining,-11.194029850746269,High Volume,Other,0
345956,535.0,9363.0,1650.0934579439254,High Growth,100.0,High Volume,Small,4
346874,820.0,2222.0,170.97560975609755,High Growth,100.0,High Volume,Small,4
347198,407.0,2888.0,609.5823095823096,High Growth,100.0,High Volume,Small,4
348172,371.0,1548.0,317.2506738544474,High Growth,100.0,High Volume,Small,4
348298,936.0,16408.0,1652.9914529914531,High Growth,100.0,High Volume,Medium,10
348364,496.0,1401.0,182.45967741935485,High Growth,100.0,High Volume,Small,4
351393,169.0,436.0,157.98816568047337,High Growth,100.0,Medium Volume,Other,0
352841,5388.0,25405.0,371.5107646622123,High Growth,100.0,High Volume,Medium,10
354288,623.0,1991.0,219.58266452648476,High Growth,100.0,High Volume,Small,4
355865,312.0,2410.0,672.4358974358975,High Growth,100.0,High Volume,Small,4
355983,221.0,3709.0,1578.2805429864254,High Growth,100.0,High Volume,Small,4
356029,144.0,3309.0,2197.916666666667,High Growth,100.0,High Volume,Small,4
356347,476.0,6904.0,1350.420168067227,High Growth,100.0,High Volume,Small,4
356376,360.0,1516.0,321.11111111111114,High Growth,100.0,High Volume,Small,4
356557,1094.0,18.0,-98.35466179159049,Declining,-98.35466179159049,Low Volume,Other,0
357115,20793.0,35433.0,70.40831048910691,High Growth,70.40831048910691,High Volume,Medium,10
357156,1185.0,4244.0,258.14345991561186,High Growth,100.0,High Volume,Small,4
357536,863.0,1633.0,89.22363847045192,High Growth,89.22363847045192,High Volume,Small,4
358330,598.0,3292.0,450.5016722408027,High Growth,100.0,High Volume,Small,4
359427,0.0,57302.0,,New Customer,,High Volume,Medium,10
360779,304.0,1441.0,374.0131578947369,High Growth,100.0,High Volume,Small,4
361580,264.0,983.0,272.3484848484849,High Growth,100.0,High Volume,Other,0
361767,349.0,937.0,168.4813753581662,High Growth,100.0,High Volume,Other,0
362024,1711.0,3601.0,110.46171829339568,High Growth,100.0,High Volume,Small,4
362593,480.0,0.0,-100.0,Declining,-100.0,Low Volume,Other,0
362752,365.0,1837.0,403.28767123287673,High Growth,100.0,High Volume,Small,4
363105,667.0,28817.0,4220.389805097451,High Growth,100.0,High Volume,Medium,10
364211,1309.0,8424.0,543.5446906035141,High Growth,100.0,High Volume,Small,4
364772,84.0,20033.0,23748.809523809523,High Growth,100.0,High Volume,Medium,10
365454,1823995.0,5994499.0,228.6466794042747,High Growth,100.0,High Volume,Enterprise,22
367292,378.0,2707.0,616.1375661375662,High Growth,100.0,High Volume,Small,4
367606,538.0,898.0,66.91449814126395,High Growth,66.91449814126395,High Volume,Other,0
368165,524.0,679.0,29.580152671755727,High Growth,29.580152671755727,High Volume,Other,0
370402,802.0,3780.0,371.3216957605985,High Growth,100.0,High Volume,Small,4
370713,3868.0,17631.0,355.8169596690796,High Growth,100.0,High Volume,Medium,10
370741,447.0,2058.0,360.4026845637584,High Growth,100.0,High Volume,Small,4
371183,2179.0,11500.0,427.76502983019736,High Growth,100.0,High Volume,Medium,10
372807,524.0,470.0,-10.305343511450381,Declining,-10.305343511450381,Medium Volume,Other,0
373323,748.0,3971.0,430.88235294117646,High Growth,100.0,High Volume,Small,4
376400,952.0,4017.0,321.9537815126051,High Growth,100.0,High Volume,Small,4
376571,307.0,5028.0,1537.785016286645,High Growth,100.0,High Volume,Small,4
376825,7363.0,17000.0,130.88415048214043,High Growth,100.0,High Volume,Medium,10
377138,3282.0,62280.0,1797.623400365631,High Growth,100.0,High Volume,Medium,10
377975,2012.0,8872.0,340.95427435387677,High Growth,100.0,High Volume,Small,4
378046,9466.0,58809.0,521.2655820832454,High Growth,100.0,High Volume,Medium,10
378180,657.0,336.0,-48.858447488584474,Declining,-48.858447488584474,Medium Volume,Other,0
379351,843.0,1131.0,34.16370106761566,High Growth,34.16370106761566,High Volume,Small,4
380778,633.0,3643.0,475.51342812006317,High Growth,100.0,High Volume,Small,4
381148,513.0,1727.0,236.64717348927877,High Growth,100.0,High Volume,Small,4
382014,562.0,3257.0,479.5373665480427,High Growth,100.0,High Volume,Small,4
382046,364.0,3014.0,728.021978021978,High Growth,100.0,High Volume,Small,4
383269,429.0,1132.0,163.86946386946386,High Growth,100.0,High Volume,Small,4
383360,11070.0,34006.0,207.19060523938572,High Growth,100.0,High Volume,Medium,10
384153,350.0,3475.0,892.8571428571429,High Growth,100.0,High Volume,Small,4
385157,2204.0,5056.0,129.4010889292196,High Growth,100.0,High Volume,Small,4
386483,3433.0,12912.0,276.1141858432858,High Growth,100.0,High Volume,Medium,10
387617,506.0,889.0,75.69169960474308,High Growth,75.69169960474308,High Volume,Other,0
387964,514.0,993.0,93.19066147859922,High Growth,93.19066147859922,High Volume,Other,0
388680,364.0,970.0,166.4835164835165,High Growth,100.0,High Volume,Other,0
389562,718.0,2822.0,293.03621169916437,High Growth,100.0,High Volume,Small,4
391182,937.0,2276.0,142.90288153681965,High Growth,100.0,High Volume,Small,4
394658,1032.0,8764.0,749.2248062015503,High Growth,100.0,High Volume,Small,4
395128,758.0,55.0,-92.74406332453826,Declining,-92.74406332453826,Low Volume,Other,0
395268,529.0,6841.0,1193.194706994329,High Growth,100.0,High Volume,Small,4
395393,2202.0,4439.0,101.58946412352408,High Growth,100.0,High Volume,Small,4
395545,265.0,1025.0,286.79245283018867,High Growth,100.0,High Volume,Small,4
396334,119.0,155.0,30.252100840336134,High Growth,30.252100840336134,Medium Volume,Other,0
396666,5419.0,62548.0,1054.2350987267023,High Growth,100.0,High Volume,Medium,10
397317,819.0,2488.0,203.7851037851038,High Growth,100.0,High Volume,Small,4
398217,1520.0,11084.0,629.2105263157895,High Growth,100.0,High Volume,Medium,10
399309,927.0,5350.0,477.13052858683926,High Growth,100.0,High Volume,Small,4
399481,727.0,1140.0,56.808803301237965,High Growth,56.808803301237965,High Volume,Small,4
406044,2651.0,7784.0,193.6250471520181,High Growth,100.0,High Volume,Small,4
406526,323.0,4452.0,1278.328173374613,High Growth,100.0,High Volume,Small,4
407748,850.0,371.0,-56.35294117647058,Declining,-56.35294117647058,Medium Volume,Other,0
407849,529.0,836.0,58.034026465028354,High Growth,58.034026465028354,High Volume,Other,0
409165,964.0,3240.0,236.09958506224066,High Growth,100.0,High Volume,Small,4
409987,58.0,8422.0,14420.689655172413,High Growth,100.0,High Volume,Small,4
410803,1053.0,2552.0,142.355175688509,High Growth,100.0,High Volume,Small,4
410920,199.0,1854.0,831.6582914572864,High Growth,100.0,High Volume,Small,4
411277,550.0,1323.0,140.54545454545456,High Growth,100.0,High Volume,Small,4
412102,3168.0,4745.0,49.7790404040404,High Growth,49.7790404040404,High Volume,Small,4
413260,1363.0,1053.0,-22.7439471753485,Declining,-22.7439471753485,High Volume,Small,4
416234,382.0,1753.0,358.9005235602094,High Growth,100.0,High Volume,Small,4
417992,56592.0,198952.0,251.55499010460844,High Growth,100.0,High Volume,Medium,10
418060,2636.0,7534.0,185.81183611532626,High Growth,100.0,High Volume,Small,4
418121,1538.0,4556.0,196.22886866059818,High Growth,100.0,High Volume,Small,4
418746,5884.0,23391.0,297.5356900067981,High Growth,100.0,High Volume,Medium,10
418906,424.0,82.0,-80.66037735849056,Declining,-80.66037735849056,Low Volume,Other,0
419333,499.0,980.0,96.39278557114228,High Growth,96.39278557114228,High Volume,Other,0
419370,595.0,251.0,-57.815126050420176,Declining,-57.815126050420176,Medium Volume,Other,0
419689,547.0,1085.0,98.35466179159049,High Growth,98.35466179159049,High Volume,Small,4
419963,363.0,4428.0,1119.8347107438017,High Growth,100.0,High Volume,Small,4
420685,5113.0,4940.0,-3.3835321728926266,Declining,-3.3835321728926266,High Volume,Small,4
420933,1292.0,479.0,-62.92569659442725,Declining,-62.92569659442725,Medium Volume,Other,0
421202,186.0,5121.0,2653.2258064516127,High Growth,100.0,High Volume,Small,4
422981,1646.0,2796.0,69.86634264884569,High Growth,69.86634264884569,High Volume,Small,4
425631,949.0,1461.0,53.95152792413066,High Growth,53.95152792413066,High Volume,Small,4
425741,751.0,2749.0,266.0452729693742,High Growth,100.0,High Volume,Small,4
426295,1793.0,2167.0,20.858895705521473,High Growth,20.858895705521473,High Volume,Small,4
426378,4513.0,0.0,-100.0,Declining,-100.0,Low Volume,Other,0
426551,1617.0,5529.0,241.9294990723562,High Growth,100.0,High Volume,Small,4
427576,419.0,1505.0,259.1885441527446,High Growth,100.0,High Volume,Small,4
429304,296.0,999.0,237.5,High Growth,100.0,High Volume,Other,0
430465,1386.0,5966.0,330.44733044733044,High Growth,100.0,High Volume,Small,4
431059,815.0,2162.0,165.27607361963192,High Growth,100.0,High Volume,Small,4
431203,1856.0,8622.0,364.5474137931035,High Growth,100.0,High Volume,Small,4
431901,1786.0,8725.0,388.52183650615905,High Growth,100.0,High Volume,Small,4
432570,3520.0,1792.0,-49.09090909090909,Declining,-49.09090909090909,High Volume,Small,4
432626,744.0,743.0,-0.13440860215053765,Declining,-0.13440860215053765,High Volume,Other,0
433797,461.0,1934.0,319.52277657266814,High Growth,100.0,High Volume,Small,4
434228,0.0,4739.0,,New Customer,,High Volume,Small,4
434795,514.0,2158.0,319.8443579766537,High Growth,100.0,High Volume,Small,4
435532,2005.0,7231.0,260.6483790523691,High Growth,100.0,High Volume,Small,4
436279,6544.0,31553.0,382.1668704156479,High Growth,100.0,High Volume,Medium,10
436705,20604.0,130610.0,533.9060376625897,High Growth,100.0,High Volume,Medium,10
437883,2795.0,8649.0,209.44543828264756,High Growth,100.0,High Volume,Small,4
439321,3564.0,3158.0,-11.391694725028058,Declining,-11.391694725028058,High Volume,Small,4
439845,477.0,9631.0,1919.077568134172,High Growth,100.0,High Volume,Small,4
442901,1817.0,0.0,-100.0,Declining,-100.0,Low Volume,Other,0
443093,489.0,113.0,-76.89161554192229,Declining,-76.89161554192229,Medium Volume,Other,0
444323,1918.0,12913.0,573.2533889468197,High Growth,100.0,High Volume,Medium,10
444342,18971.0,51305.0,170.4390912445311,High Growth,100.0,High Volume,Medium,10
445165,1928.0,7499.0,288.95228215767634,High Growth,100.0,High Volume,Small,4
445427,578.0,225.0,-61.0726643598616,Declining,-61.0726643598616,Medium Volume,Other,0
446598,425.0,902.0,112.23529411764706,High Growth,100.0,High Volume,Other,0
448358,112079.0,243993.0,117.69733848446184,High Growth,100.0,High Volume,Large,17
449447,3965.0,3640.0,-8.19672131147541,Declining,-8.19672131147541,High Volume,Small,4
450448,554.0,335.0,-39.53068592057762,Declining,-39.53068592057762,Medium Volume,Other,0
450665,126.0,1855.0,1372.2222222222222,High Growth,100.0,High Volume,Small,4
450909,573.0,496.0,-13.438045375218149,Declining,-13.438045375218149,Medium Volume,Other,0
451525,594.0,1151.0,93.77104377104376,High Growth,93.77104377104376,High Volume,Small,4
453425,976.0,2873.0,194.36475409836063,High Growth,100.0,High Volume,Small,4
454189,246.0,337.0,36.99186991869919,High Growth,36.99186991869919,Medium Volume,Other,0
455776,736.0,318.0,-56.79347826086957,Declining,-56.79347826086957,Medium Volume,Other,0
456064,494.0,2463.0,398.58299595141705,High Growth,100.0,High Volume,Small,4
456397,1709.0,62205.0,3539.847864248098,High Growth,100.0,High Volume,Medium,10
458751,285.0,2641.0,826.6666666666667,High Growth,100.0,High Volume,Small,4
458995,8416.0,21928.0,160.55133079847909,High Growth,100.0,High Volume,Medium,10
460196,281.0,1036.0,268.6832740213523,High Growth,100.0,High Volume,Small,4
463435,19248.0,35007.0,81.87344139650872,High Growth,81.87344139650872,High Volume,Medium,10
463439,1538.0,264.0,-82.83485045513655,Declining,-82.83485045513655,Medium Volume,Other,0
463506,431.0,1345.0,212.06496519721577,High Growth,100.0,High Volume,Small,4
464323,4.0,4194.0,104750.0,High Growth,100.0,High Volume,Small,4
465284,302.0,13.0,-95.69536423841059,Declining,-95.69536423841059,Low Volume,Other,0
465717,449.0,1925.0,328.73051224944317,High Growth,100.0,High Volume,Small,4
467168,536.0,1502.0,180.22388059701493,High Growth,100.0,High Volume,Small,4
467379,871.0,3449.0,295.98163030998853,High Growth,100.0,High Volume,Small,4
468387,815.0,3792.0,365.27607361963186,High Growth,100.0,High Volume,Small,4
468740,713.0,3884.0,444.7405329593268,High Growth,100.0,High Volume,Small,4
470388,805.0,23471.0,2815.6521739130435,High Growth,100.0,High Volume,Medium,10
471772,649.0,1484.0,128.65947611710325,High Growth,100.0,High Volume,Small,4
471779,39.0,4503.0,11446.153846153848,High Growth,100.0,High Volume,Small,4
471990,492.0,2968.0,503.2520325203252,High Growth,100.0,High Volume,Small,4
473686,1135.0,2772.0,144.22907488986786,High Growth,100.0,High Volume,Small,4
473880,352.0,824.0,134.0909090909091,High Growth,100.0,High Volume,Other,0
475022,0.0,2287.0,,New Customer,,High Volume,Small,4
477680,595.0,946.0,58.991596638655466,High Growth,58.991596638655466,High Volume,Other,0
479642,624.0,3363.0,438.9423076923077,High Growth,100.0,High Volume,Small,4
480726,1601.0,17.0,-98.93816364772017,Declining,-98.93816364772017,Low Volume,Other,0
480958,1034.0,1501.0,45.16441005802708,High Growth,45.16441005802708,High Volume,Small,4
481481,341.0,1874.0,449.56011730205273,High Growth,100.0,High Volume,Small,4
481611,1634.0,5601.0,242.77845777233784,High Growth,100.0,High Volume,Small,4
481725,4148.0,6018.0,45.08196721311475,High Growth,45.08196721311475,High Volume,Small,4
482514,1479.0,13324.0,800.8789722785666,High Growth,100.0,High Volume,Medium,10
482721,4660.0,5980.0,28.32618025751073,High Growth,28.32618025751073,High Volume,Small,4
482908,461.0,1821.0,295.0108459869848,High Growth,100.0,High Volume,Small,4
484348,782.0,1511.0,93.22250639386189,High Growth,93.22250639386189,High Volume,Small,4
486606,694.0,4097.0,490.3458213256484,High Growth,100.0,High Volume,Small,4
486959,2412.0,268.0,-88.88888888888889,Declining,-88.88888888888889,Medium Volume,Other,0
487526,2683.0,27004.0,906.4852776742451,High Growth,100.0,High Volume,Medium,10
488282,1312.0,9235.0,603.8871951219512,High Growth,100.0,High Volume,Small,4
488451,438.0,118.0,-73.0593607305936,Declining,-73.0593607305936,Medium Volume,Other,0
489265,728.0,12532.0,1621.4285714285716,High Growth,100.0,High Volume,Medium,10
489866,684.0,90.0,-86.8421052631579,Declining,-86.8421052631579,Low Volume,Other,0
489912,4626.0,1099.0,-76.24297449200172,Declining,-76.24297449200172,High Volume,Small,4
490002,8159.0,20875.0,155.85243289618828,High Growth,100.0,High Volume,Medium,10
493749,479.0,886.0,84.96868475991648,High Growth,84.96868475991648,High Volume,Other,0
493829,557.0,1323.0,137.52244165170558,High Growth,100.0,High Volume,Small,4
494081,4071.0,10498.0,157.87275853598624,High Growth,100.0,High Volume,Medium,10
495033,1418.0,4688.0,230.60648801128352,High Growth,100.0,High Volume,Small,4
495220,4429.0,5589.0,26.19101377286069,High Growth,26.19101377286069,High Volume,Small,4
495303,2611.0,2390.0,-8.464189965530448,Declining,-8.464189965530448,High Volume,Small,4
496278,428.0,45902.0,10624.766355140187,High Growth,100.0,High Volume,Medium,10
496986,8809.0,24873.0,182.3589510727665,High Growth,100.0,High Volume,Medium,10
498630,526.0,1398.0,165.77946768060835,High Growth,100.0,High Volume,Small,4
499874,1354.0,4587.0,238.77400295420978,High Growth,100.0,High Volume,Small,4
502005,270.0,269.0,-0.3703703703703704,Declining,-0.3703703703703704,Medium Volume,Other,0
502445,8818.0,12279.0,39.24926287139941,High Growth,39.24926287139941,High Volume,Medium,10
503898,231.0,1134.0,390.90909090909093,High Growth,100.0,High Volume,Small,4
504707,9152.0,10345.0,13.035402097902098,High Growth,13.035402097902098,High Volume,Medium,10
504999,1273.0,11162.0,776.8263943440691,High Growth,100.0,High Volume,Medium,10
505975,2111.0,13778.0,552.6764566556135,High Growth,100.0,High Volume,Medium,10
506621,1984.0,11026.0,455.7459677419355,High Growth,100.0,High Volume,Medium,10
507099,1418.0,4050.0,185.61354019746122,High Growth,100.0,High Volume,Small,4
508121,3600.0,13410.0,272.5,High Growth,100.0,High Volume,Medium,10
510281,33580.0,130055.0,287.2989874925551,High Growth,100.0,High Volume,Medium,10
511410,715.0,2172.0,203.7762237762238,High Growth,100.0,High Volume,Small,4
512018,286.0,139.0,-51.39860139860139,Declining,-51.39860139860139,Medium Volume,Other,0
513101,742.0,1687.0,127.35849056603774,High Growth,100.0,High Volume,Small,4
514529,372.0,1263.0,239.51612903225805,High Growth,100.0,High Volume,Small,4
516323,1607.0,4482.0,178.90479153702552,High Growth,100.0,High Volume,Small,4
516347,913.0,12698.0,1290.7995618838993,High Growth,100.0,High Volume,Medium,10
516356,3.0,3546.0,118100.0,High Growth,100.0,High Volume,Small,4
516441,328.0,1589.0,384.45121951219517,High Growth,100.0,High Volume,Small,4
516564,378.0,1323.0,250.0,High Growth,100.0,High Volume,Small,4
516720,2450.0,10927.0,346.0,High Growth,100.0,High Volume,Medium,10
518132,1132.0,5697.0,403.26855123674915,High Growth,100.0,High Volume,Small,4
519571,1518.0,3531.0,132.6086956521739,High Growth,100.0,High Volume,Small,4
520756,659.0,1497.0,127.16236722306525,High Growth,100.0,High Volume,Small,4
521585,1409.0,5897.0,318.5237757274663,High Growth,100.0,High Volume,Small,4
523748,2209.0,7885.0,256.9488456315075,High Growth,100.0,High Volume,Small,4
523944,35775.0,213907.0,497.92313067784767,High Growth,100.0,High Volume,Large,17
524698,2082.0,3430.0,64.74543707973103,High Growth,64.74543707973103,High Volume,Small,4
525246,461.0,440.0,-4.55531453362256,Declining,-4.55531453362256,Medium Volume,Other,0
526361,733.0,2281.0,211.1869031377899,High Growth,100.0,High Volume,Small,4
526683,1479.0,2737.0,85.0574712643678,High Growth,85.0574712643678,High Volume,Small,4
526822,24258.0,166020.0,584.392777640366,High Growth,100.0,High Volume,Medium,10
527429,371.0,2113.0,469.54177897574124,High Growth,100.0,High Volume,Small,4
529707,538.0,498.0,-7.434944237918216,Declining,-7.434944237918216,Medium Volume,Other,0
530757,731.0,2243.0,206.83994528043775,High Growth,100.0,High Volume,Small,4
531156,523.0,4202.0,703.4416826003824,High Growth,100.0,High Volume,Small,4
532970,5711.0,14287.0,150.16634564874803,High Growth,100.0,High Volume,Medium,10
533043,441.0,1811.0,310.6575963718821,High Growth,100.0,High Volume,Small,4
533066,53361.0,130415.0,144.4013418039392,High Growth,100.0,High Volume,Medium,10
533584,1901.0,3987.0,109.73172014729089,High Growth,100.0,High Volume,Small,4
535281,72545.0,185625.0,155.8756633813495,High Growth,100.0,High Volume,Medium,10
536593,952.0,1383.0,45.273109243697476,High Growth,45.273109243697476,High Volume,Small,4
537177,22009.0,75091.0,241.1831523467672,High Growth,100.0,High Volume,Medium,10
537682,5774.0,34431.0,496.31104953238656,High Growth,100.0,High Volume,Medium,10
538373,436.0,1114.0,155.5045871559633,High Growth,100.0,High Volume,Small,4
539019,194.0,848.0,337.11340206185565,High Growth,100.0,High Volume,Other,0
543674,954.0,4413.0,362.57861635220127,High Growth,100.0,High Volume,Small,4
543754,325.0,2379.0,632.0,High Growth,100.0,High Volume,Small,4
544086,1647.0,20171.0,1124.7115968427445,High Growth,100.0,High Volume,Medium,10
544530,1114.0,909.0,-18.402154398563734,Declining,-18.402154398563734,High Volume,Other,0
545155,831.0,3184.0,283.1528279181709,High Growth,100.0,High Volume,Small,4
545859,383.0,951.0,148.3028720626632,High Growth,100.0,High Volume,Other,0
546233,4912.0,5436.0,10.667752442996743,Moderately Growing,10.667752442996743,High Volume,Small,4
549673,124.0,4747.0,3728.2258064516127,High Growth,100.0,High Volume,Small,4
549830,4824.0,0.0,-100.0,Declining,-100.0,Low Volume,Other,0
549892,130429.0,439946.0,237.30688727200237,High Growth,100.0,High Volume,Large,17
551161,53.0,1185.0,2135.8490566037735,High Growth,100.0,High Volume,Small,4
551230,2869.0,17004.0,492.6803764377832,High Growth,100.0,High Volume,Medium,10
551760,256.0,682.0,166.40625,High Growth,100.0,High Volume,Other,0
552593,536.0,4050.0,655.5970149253732,High Growth,100.0,High Volume,Small,4
552999,313.0,1330.0,324.92012779552715,High Growth,100.0,High Volume,Small,4
553239,8846.0,8399.0,-5.05313135880624,Declining,-5.05313135880624,High Volume,Small,4
555123,2625.0,14151.0,439.08571428571423,High Growth,100.0,High Volume,Medium,10
555322,3270.0,19643.0,500.7033639143731,High Growth,100.0,High Volume,Medium,10
555495,12.0,2.0,-83.33333333333334,Declining,-83.33333333333334,Low Volume,Other,0
555892,817.0,3787.0,363.5250917992656,High Growth,100.0,High Volume,Small,4
557297,325.0,7371.0,2168.0,High Growth,100.0,High Volume,Small,4
559966,1080.0,2419.0,123.9814814814815,High Growth,100.0,High Volume,Small,4
561536,275.0,163.0,-40.72727272727273,Declining,-40.72727272727273,Medium Volume,Other,0
561589,8415.0,20498.0,143.5888294711824,High Growth,100.0,High Volume,Medium,10
563657,515.0,5886.0,1042.9126213592233,High Growth,100.0,High Volume,Small,4
565696,899.0,1806.0,100.88987764182424,High Growth,100.0,High Volume,Small,4
565807,626.0,3012.0,381.15015974440894,High Growth,100.0,High Volume,Small,4
565885,257.0,583.0,126.84824902723734,High Growth,100.0,High Volume,Other,0
565950,5201.0,13830.0,165.91040184579887,High Growth,100.0,High Volume,Medium,10
565982,211.0,1152.0,445.9715639810427,High Growth,100.0,High Volume,Small,4
566097,505.0,7966.0,1477.4257425742574,High Growth,100.0,High Volume,Small,4
567893,2665.0,2467.0,-7.429643527204504,Declining,-7.429643527204504,High Volume,Small,4
567933,1280.0,1757.0,37.265625,High Growth,37.265625,High Volume,Small,4
568233,260.0,1875.0,621.1538461538462,High Growth,100.0,High Volume,Small,4
568922,361.0,2514.0,596.3988919667589,High Growth,100.0,High Volume,Small,4
569642,2354.0,6049.0,156.96686491079015,High Growth,100.0,High Volume,Small,4
571037,2590.0,21704.0,737.992277992278,High Growth,100.0,High Volume,Medium,10
572558,915.0,8243.0,800.8743169398906,High Growth,100.0,High Volume,Small,4
572560,9793.0,43243.0,341.57050954763605,High Growth,100.0,High Volume,Medium,10
577746,883.0,2849.0,222.65005662514156,High Growth,100.0,High Volume,Small,4
578432,1712.0,10330.0,503.3878504672897,High Growth,100.0,High Volume,Medium,10
579212,979.0,3205.0,227.37487231869252,High Growth,100.0,High Volume,Small,4
580673,30906.0,74846.0,142.17304083349512,High Growth,100.0,High Volume,Medium,10
582628,2770.0,5470.0,97.47292418772562,High Growth,97.47292418772562,High Volume,Small,4
583747,1422.0,15390.0,982.2784810126583,High Growth,100.0,High Volume,Medium,10
583835,870.0,1395.0,60.3448275862069,High Growth,60.3448275862069,High Volume,Small,4
584336,7369.0,141796.0,1824.2230967566834,High Growth,100.0,High Volume,Medium,10
585409,3638.0,7383.0,102.94117647058823,High Growth,100.0,High Volume,Small,4
585461,1448.0,12563.0,767.6104972375691,High Growth,100.0,High Volume,Medium,10
585528,845.0,3948.0,367.2189349112426,High Growth,100.0,High Volume,Small,4
586917,32540.0,91017.0,179.7080516287646,High Growth,100.0,High Volume,Medium,10
588172,909.0,2025.0,122.77227722772277,High Growth,100.0,High Volume,Small,4
588881,461.0,3410.0,639.6963123644251,High Growth,100.0,High Volume,Small,4
589713,961.0,1153.0,19.979188345473464,High Growth,19.979188345473464,High Volume,Small,4
591737,985.0,4428.0,349.5431472081218,High Growth,100.0,High Volume,Small,4
594731,3423.0,10890.0,218.14198071866784,High Growth,100.0,High Volume,Medium,10
595335,1959.0,10061.0,413.5783563042368,High Growth,100.0,High Volume,Medium,10
595926,3667.0,13584.0,270.4390509953641,High Growth,100.0,High Volume,Medium,10
596399,416.0,918.0,120.67307692307692,High Growth,100.0,High Volume,Other,0
596623,1498.0,9449.0,530.7743658210949,High Growth,100.0,High Volume,Small,4
596868,9548.0,56799.0,494.878508588186,High Growth,100.0,High Volume,Medium,10
597057,1380.0,3312.0,140.0,High Growth,100.0,High Volume,Small,4
599784,1103.0,2385.0,116.22846781504987,High Growth,100.0,High Volume,Small,4
600731,667.0,1204.0,80.50974512743629,High Growth,80.50974512743629,High Volume,Small,4
601436,323.0,1677.0,419.1950464396285,High Growth,100.0,High Volume,Small,4
604097,1041.0,3960.0,280.4034582132565,High Growth,100.0,High Volume,Small,4
605801,983.0,6040.0,514.4455747711088,High Growth,100.0,High Volume,Small,4
606441,343.0,2793.0,714.2857142857143,High Growth,100.0,High Volume,Small,4
606780,435.0,1998.0,359.31034482758616,High Growth,100.0,High Volume,Small,4
607210,595.0,1177.0,97.81512605042016,High Growth,97.81512605042016,High Volume,Small,4
607252,300.0,1390.0,363.3333333333333,High Growth,100.0,High Volume,Small,4
607647,286.0,693.0,142.30769230769232,High Growth,100.0,High Volume,Other,0
607793,244.0,403.0,65.1639344262295,High Growth,65.1639344262295,Medium Volume,Other,0
608276,159.0,15124.0,9411.949685534591,High Growth,100.0,High Volume,Medium,10
608500,3770.0,62895.0,1568.3023872679046,High Growth,100.0,High Volume,Medium,10
608546,973.0,1483.0,52.41521068859198,High Growth,52.41521068859198,High Volume,Small,4
609152,1512.0,8307.0,449.40476190476187,High Growth,100.0,High Volume,Small,4
610356,547.0,2151.0,293.235831809872,High Growth,100.0,High Volume,Small,4
612478,392.0,1978.0,404.5918367346939,High Growth,100.0,High Volume,Small,4
612542,7479.0,31431.0,320.2567188126755,High Growth,100.0,High Volume,Medium,10
613286,1571.0,4138.0,163.39910884786758,High Growth,100.0,High Volume,Small,4
613325,360.0,2.0,-99.44444444444444,Declining,-99.44444444444444,Low Volume,Other,0
614946,198.0,1851.0,834.8484848484848,High Growth,100.0,High Volume,Small,4
616880,19947.0,58946.0,195.51310974081315,High Growth,100.0,High Volume,Medium,10
617120,2666.0,11597.0,334.9962490622656,High Growth,100.0,High Volume,Medium,10
617439,134363.0,756179.0,462.78811875293053,High Growth,100.0,High Volume,Enterprise,22
618317,869.0,9653.0,1010.8170310701956,High Growth,100.0,High Volume,Small,4
618759,488.0,2970.0,508.6065573770492,High Growth,100.0,High Volume,Small,4
620159,722.0,1371.0,89.88919667590028,High Growth,89.88919667590028,High Volume,Small,4
620684,268.0,2850.0,963.4328358208955,High Growth,100.0,High Volume,Small,4
623462,231.0,26704.0,11460.17316017316,High Growth,100.0,High Volume,Medium,10
623642,423.0,839.0,98.3451536643026,High Growth,98.3451536643026,High Volume,Other,0
624498,282.0,1990.0,605.6737588652483,High Growth,100.0,High Volume,Small,4
625311,358.0,892.0,149.16201117318434,High Growth,100.0,High Volume,Other,0
627447,2297.0,4.0,-99.8258598171528,Declining,-99.8258598171528,Low Volume,Other,0
627618,843.0,1605.0,90.39145907473309,High Growth,90.39145907473309,High Volume,Small,4
628471,393.0,2468.0,527.9898218829517,High Growth,100.0,High Volume,Small,4
630442,15120.0,41809.0,176.51455026455028,High Growth,100.0,High Volume,Medium,10
631279,348.0,2179.0,526.1494252873563,High Growth,100.0,High Volume,Small,4
632516,1154.0,3359.0,191.07452339688044,High Growth,100.0,High Volume,Small,4
632544,1006.0,2324.0,131.01391650099404,High Growth,100.0,High Volume,Small,4
633761,6736.0,4254.0,-36.84679334916864,Declining,-36.84679334916864,High Volume,Small,4
634068,765.0,629.0,-17.77777777777778,Declining,-17.77777777777778,High Volume,Other,0
635000,2525.0,9002.0,256.51485148514854,High Growth,100.0,High Volume,Small,4
635789,1495.0,10350.0,592.3076923076924,High Growth,100.0,High Volume,Medium,10
636159,154.0,787.0,411.038961038961,High Growth,100.0,High Volume,Other,0
636552,425.0,4240.0,897.6470588235294,High Growth,100.0,High Volume,Small,4
636837,199.0,1628.0,718.0904522613066,High Growth,100.0,High Volume,Small,4
636976,571.0,1306.0,128.7215411558669,High Growth,100.0,High Volume,Small,4
637874,669.0,1016.0,51.86846038863976,High Growth,51.86846038863976,High Volume,Small,4
638816,398.0,1167.0,193.21608040201005,High Growth,100.0,High Volume,Small,4
641216,703.0,0.0,-100.0,Declining,-100.0,Low Volume,Other,0
641781,317.0,869.0,174.13249211356467,High Growth,100.0,High Volume,Other,0
642426,548.0,1358.0,147.81021897810217,High Growth,100.0,High Volume,Small,4
642870,332.0,1485.0,347.28915662650604,High Growth,100.0,High Volume,Small,4
644496,728.0,9568.0,1214.2857142857142,High Growth,100.0,High Volume,Small,4
644564,777.0,1042.0,34.105534105534105,High Growth,34.105534105534105,High Volume,Small,4
646845,403.0,445.0,10.421836228287841,Moderately Growing,10.421836228287841,Medium Volume,Other,0
647923,2888.0,1050.0,-63.64265927977839,Declining,-63.64265927977839,High Volume,Small,4
648024,1017.0,0.0,-100.0,Declining,-100.0,Low Volume,Other,0
648468,3157.0,13347.0,322.77478618942035,High Growth,100.0,High Volume,Medium,10
650813,0.0,5377.0,,New Customer,,High Volume,Small,4
650817,73573.0,151729.0,106.22918733774618,High Growth,100.0,High Volume,Medium,10
652688,582.0,7594.0,1204.8109965635738,High Growth,100.0,High Volume,Small,4
654149,651.0,679.0,4.301075268817205,Moderately Growing,4.301075268817205,High Volume,Other,0
655237,288.0,1705.0,492.0138888888889,High Growth,100.0,High Volume,Small,4
656159,348.0,1099.0,215.80459770114945,High Growth,100.0,High Volume,Small,4
657359,2185.0,8580.0,292.6773455377574,High Growth,100.0,High Volume,Small,4
657995,658.0,1404.0,113.3738601823708,High Growth,100.0,High Volume,Small,4
658553,13771.0,16828.0,22.198823614842787,High Growth,22.198823614842787,High Volume,Medium,10
658595,1801.0,5474.0,203.9422543031649,High Growth,100.0,High Volume,Small,4
659248,328.0,984.0,200.0,High Growth,100.0,High Volume,Other,0
659632,602.0,3789.0,529.4019933554817,High Growth,100.0,High Volume,Small,4
660851,509.0,1102.0,116.50294695481335,High Growth,100.0,High Volume,Small,4
660863,2117.0,9608.0,353.8497874350496,High Growth,100.0,High Volume,Small,4
661158,294.0,1314.0,346.9387755102041,High Growth,100.0,High Volume,Small,4
670641,643.0,1624.0,152.56609642301711,High Growth,100.0,High Volume,Small,4
672075,947.0,4357.0,360.0844772967265,High Growth,100.0,High Volume,Small,4
672833,992.0,5420.0,446.3709677419355,High Growth,100.0,High Volume,Small,4
675167,3915.0,23383.0,497.26692209450835,High Growth,100.0,High Volume,Medium,10
676584,2801.0,1136.0,-59.44305605141022,Declining,-59.44305605141022,High Volume,Small,4
678870,241.0,208.0,-13.692946058091287,Declining,-13.692946058091287,Medium Volume,Other,0
679097,1626.0,1555.0,-4.366543665436654,Declining,-4.366543665436654,High Volume,Small,4
681318,571.0,6547.0,1046.584938704028,High Growth,100.0,High Volume,Small,4
683214,819.0,2042.0,149.32844932844932,High Growth,100.0,High Volume,Small,4
683620,1281.0,1068.0,-16.627634660421545,Declining,-16.627634660421545,High Volume,Small,4
684927,5170.0,30838.0,496.47969052224374,High Growth,100.0,High Volume,Medium,10
684937,514.0,981.0,90.85603112840467,High Growth,90.85603112840467,High Volume,Other,0
687392,722.0,2142.0,196.6759002770083,High Growth,100.0,High Volume,Small,4
688283,1735.0,8545.0,392.507204610951,High Growth,100.0,High Volume,Small,4
688778,630.0,1681.0,166.82539682539684,High Growth,100.0,High Volume,Small,4
689246,1036.0,0.0,-100.0,Declining,-100.0,Low Volume,Other,0
689482,308.0,1915.0,521.7532467532467,High Growth,100.0,High Volume,Small,4
690107,3428.0,13673.0,298.8623103850642,High Growth,100.0,High Volume,Medium,10
690888,2078.0,7218.0,247.35322425409046,High Growth,100.0,High Volume,Small,4
691234,301.0,3439.0,1042.5249169435215,High Growth,100.0,High Volume,Small,4
694144,2666.0,3827.0,43.54838709677419,High Growth,43.54838709677419,High Volume,Small,4
696325,539.0,1536.0,184.9721706864564,High Growth,100.0,High Volume,Small,4
696897,316.0,774.0,144.9367088607595,High Growth,100.0,High Volume,Other,0
697445,2129.0,4626.0,117.2851103804603,High Growth,100.0,High Volume,Small,4
699231,1066.0,4415.0,314.16510318949344,High Growth,100.0,High Volume,Small,4
700956,604.0,0.0,-100.0,Declining,-100.0,Low Volume,Other,0
702005,3293.0,12081.0,266.86911630731856,High Growth,100.0,High Volume,Medium,10
703807,1845.0,11308.0,512.89972899729,High Growth,100.0,High Volume,Medium,10
703858,389.0,1831.0,370.694087403599,High Growth,100.0,High Volume,Small,4
704306,1493.0,9561.0,540.3884795713328,High Growth,100.0,High Volume,Small,4
704595,4908.0,24104.0,391.1165444172779,High Growth,100.0,High Volume,Medium,10
705042,405.0,0.0,-100.0,Declining,-100.0,Low Volume,Other,0
707727,526.0,1111.0,111.21673003802282,High Growth,100.0,High Volume,Small,4
707765,3085.0,291.0,-90.56726094003241,Declining,-90.56726094003241,Medium Volume,Other,0
707811,1886.0,7693.0,307.9003181336161,High Growth,100.0,High Volume,Small,4
707974,513.0,17784.0,3366.6666666666665,High Growth,100.0,High Volume,Medium,10
708575,312.0,14.0,-95.51282051282051,Declining,-95.51282051282051,Low Volume,Other,0
708679,1267.0,12114.0,856.1168113654302,High Growth,100.0,High Volume,Medium,10
708836,218928.0,1216333.0,455.58585471022434,High Growth,100.0,High Volume,Enterprise,22
709440,0.0,5194.0,,New Customer,,High Volume,Small,4
710932,448.0,908.0,102.67857142857142,High Growth,100.0,High Volume,Other,0
711318,1453.0,4054.0,179.00894700619406,High Growth,100.0,High Volume,Small,4
711956,744.0,5209.0,600.1344086021505,High Growth,100.0,High Volume,Small,4
712132,747.0,1075.0,43.90896921017403,High Growth,43.90896921017403,High Volume,Small,4
712381,465.0,115.0,-75.26881720430107,Declining,-75.26881720430107,Medium Volume,Other,0
715488,237.0,1195.0,404.21940928270044,High Growth,100.0,High Volume,Small,4
716949,388.0,770.0,98.4536082474227,High Growth,98.4536082474227,High Volume,Other,0
716972,319.0,2328.0,629.7805642633228,High Growth,100.0,High Volume,Small,4
718117,881.0,7733.0,777.7525539160046,High Growth,100.0,High Volume,Small,4
718262,516.0,4494.0,770.9302325581396,High Growth,100.0,High Volume,Small,4
719079,1914.0,9098.0,375.3396029258098,High Growth,100.0,High Volume,Small,4
719389,0.0,3792.0,,New Customer,,High Volume,Small,4
719751,447.0,1968.0,340.2684563758389,High Growth,100.0,High Volume,Small,4
720383,30689.0,302556.0,885.877676040275,High Growth,100.0,High Volume,Large,17
720407,0.0,9306.0,,New Customer,,High Volume,Small,4
722327,1854.0,4611.0,148.70550161812298,High Growth,100.0,High Volume,Small,4
723017,376.0,3119.0,729.5212765957447,High Growth,100.0,High Volume,Small,4
723278,662.0,1841.0,178.09667673716012,High Growth,100.0,High Volume,Small,4
723471,291.0,715.0,145.70446735395188,High Growth,100.0,High Volume,Other,0
726326,545.0,847.0,55.41284403669725,High Growth,55.41284403669725,High Volume,Other,0
727562,3011.0,0.0,-100.0,Declining,-100.0,Low Volume,Other,0
730256,1535.0,4802.0,212.83387622149837,High Growth,100.0,High Volume,Small,4
730973,1117.0,3794.0,239.65980304386753,High Growth,100.0,High Volume,Small,4
731530,734.0,3523.0,379.97275204359676,High Growth,100.0,High Volume,Small,4
732454,300.0,963.0,221.0,High Growth,100.0,High Volume,Other,0
732537,373.0,1102.0,195.44235924932977,High Growth,100.0,High Volume,Small,4
733944,1676.0,4077.0,143.2577565632458,High Growth,100.0,High Volume,Small,4
734169,66.0,12266.0,18484.848484848484,High Growth,100.0,High Volume,Medium,10
735352,329.0,536.0,62.91793313069909,High Growth,62.91793313069909,High Volume,Other,0
737062,724.0,2847.0,293.23204419889504,High Growth,100.0,High Volume,Small,4
739672,935.0,1250.0,33.68983957219251,High Growth,33.68983957219251,High Volume,Small,4
739686,1108.0,0.0,-100.0,Declining,-100.0,Low Volume,Other,0
741676,526.0,1014.0,92.77566539923954,High Growth,92.77566539923954,High Volume,Small,4
741971,290.0,3034.0,946.2068965517242,High Growth,100.0,High Volume,Small,4
742396,953.0,2887.0,202.93809024134313,High Growth,100.0,High Volume,Small,4
742681,456.0,1326.0,190.78947368421052,High Growth,100.0,High Volume,Small,4
742791,762301.0,3541044.0,364.5204453358975,High Growth,100.0,High Volume,Enterprise,22
743296,1233.0,3301.0,167.72100567721006,High Growth,100.0,High Volume,Small,4
745580,499.0,2141.0,329.05811623246495,High Growth,100.0,High Volume,Small,4
745947,1159.0,861.0,-25.711820534943918,Declining,-25.711820534943918,High Volume,Other,0
747282,848.0,4388.0,417.45283018867923,High Growth,100.0,High Volume,Small,4
747525,760.0,2164.0,184.73684210526315,High Growth,100.0,High Volume,Small,4
748266,36260.0,221468.0,510.7777164920022,High Growth,100.0,High Volume,Large,17
749105,2547.0,8638.0,239.14409108755396,High Growth,100.0,High Volume,Small,4
749268,426.0,1118.0,162.4413145539906,High Growth,100.0,High Volume,Small,4
749983,1376.0,0.0,-100.0,Declining,-100.0,Low Volume,Other,0
751109,673.0,9.0,-98.6627043090639,Declining,-98.6627043090639,Low Volume,Other,0
751647,415.0,3624.0,773.2530120481928,High Growth,100.0,High Volume,Small,4
751757,195.0,576.0,195.3846153846154,High Growth,100.0,High Volume,Other,0
752624,560.0,2272.0,305.71428571428567,High Growth,100.0,High Volume,Small,4
753663,153.0,1368.0,794.1176470588235,High Growth,100.0,High Volume,Small,4
753763,1109.0,3105.0,179.9819657348963,High Growth,100.0,High Volume,Small,4
754531,659.0,2435.0,269.4992412746586,High Growth,100.0,High Volume,Small,4
755137,397.0,2587.0,551.6372795969774,High Growth,100.0,High Volume,Small,4
757920,83142.0,111956.0,34.65637102788001,High Growth,34.65637102788001,High Volume,Medium,10
758925,1694.0,5561.0,228.2762691853601,High Growth,100.0,High Volume,Small,4
759818,454.0,509.0,12.114537444933921,High Growth,12.114537444933921,High Volume,Other,0
760817,462.0,688.0,48.917748917748916,High Growth,48.917748917748916,High Volume,Other,0
763510,4109.0,25666.0,524.6288634704308,High Growth,100.0,High Volume,Medium,10
764506,615.0,6428.0,945.2032520325203,High Growth,100.0,High Volume,Small,4
764775,247.0,560.0,126.72064777327935,High Growth,100.0,High Volume,Other,0
765806,1245.0,2543.0,104.25702811244979,High Growth,100.0,High Volume,Small,4
769411,884.0,6138.0,594.3438914027149,High Growth,100.0,High Volume,Small,4
769423,508.0,0.0,-100.0,Declining,-100.0,Low Volume,Other,0
770985,18323.0,66670.0,263.85962997325765,High Growth,100.0,High Volume,Medium,10
771449,324.0,527.0,62.65432098765432,High Growth,62.65432098765432,High Volume,Other,0
771794,448.0,3264.0,628.5714285714286,High Growth,100.0,High Volume,Small,4
771796,1031.0,2825.0,174.0058195926285,High Growth,100.0,High Volume,Small,4
773259,6639.0,57531.0,766.5612291007682,High Growth,100.0,High Volume,Medium,10
774606,736.0,0.0,-100.0,Declining,-100.0,Low Volume,Other,0
774645,632.0,1917.0,203.32278481012656,High Growth,100.0,High Volume,Small,4
775846,5.0,3693.0,73760.0,High Growth,100.0,High Volume,Small,4
776755,439.0,1548.0,252.61958997722095,High Growth,100.0,High Volume,Small,4
777170,811.0,8668.0,968.8039457459926,High Growth,100.0,High Volume,Small,4
778137,1114.0,5630.0,405.38599640933575,High Growth,100.0,High Volume,Small,4
778800,1006.0,8366.0,731.610337972167,High Growth,100.0,High Volume,Small,4
780180,438.0,775.0,76.9406392694064,High Growth,76.9406392694064,High Volume,Other,0
781793,1955.0,8498.0,334.68030690537086,High Growth,100.0,High Volume,Small,4
783818,70.0,7630.0,10800.0,High Growth,100.0,High Volume,Small,4
784585,1489.0,5013.0,236.6689053055742,High Growth,100.0,High Volume,Small,4
785609,3648.0,8651.0,137.14364035087718,High Growth,100.0,High Volume,Small,4
786581,456.0,1181.0,158.99122807017542,High Growth,100.0,High Volume,Small,4
786604,1237.0,0.0,-100.0,Declining,-100.0,Low Volume,Other,0
786754,304.0,1138.0,274.34210526315786,High Growth,100.0,High Volume,Small,4
787066,394.0,4575.0,1061.1675126903554,High Growth,100.0,High Volume,Small,4
787207,1109.0,7921.0,614.2470694319206,High Growth,100.0,High Volume,Small,4
788487,2911.0,15084.0,418.1724493301271,High Growth,100.0,High Volume,Medium,10
788862,1141.0,3525.0,208.93952673093779,High Growth,100.0,High Volume,Small,4
789108,1130.0,558.0,-50.61946902654867,Declining,-50.61946902654867,High Volume,Other,0
790143,2341.0,1587.0,-32.20845792396412,Declining,-32.20845792396412,High Volume,Small,4
790819,880.0,0.0,-100.0,Declining,-100.0,Low Volume,Other,0
791446,1221.0,6769.0,454.38165438165436,High Growth,100.0,High Volume,Small,4
791625,1215.0,3462.0,184.93827160493828,High Growth,100.0,High Volume,Small,4
792080,1322.0,1104.0,-16.49016641452345,Declining,-16.49016641452345,High Volume,Small,4
792169,0.0,1878.0,,New Customer,,High Volume,Small,4
792298,993.0,12100.0,1118.52970795569,High Growth,100.0,High Volume,Medium,10
792977,230.0,3130.0,1260.8695652173913,High Growth,100.0,High Volume,Small,4
793008,608.0,1512.0,148.6842105263158,High Growth,100.0,High Volume,Small,4
794006,627.0,2855.0,355.3429027113238,High Growth,100.0,High Volume,Small,4
794547,747.0,5707.0,663.9892904953145,High Growth,100.0,High Volume,Small,4
796792,248.0,1268.0,411.2903225806452,High Growth,100.0,High Volume,Small,4
799475,3082.0,7801.0,153.11486048020765,High Growth,100.0,High Volume,Small,4
800531,154.0,3229.0,1996.753246753247,High Growth,100.0,High Volume,Small,4
803311,2550.0,4543.0,78.15686274509804,High Growth,78.15686274509804,High Volume,Small,4
804325,7633.0,46906.0,514.5159177256648,High Growth,100.0,High Volume,Medium,10
804753,699.0,1481.0,111.87410586552218,High Growth,100.0,High Volume,Small,4
805611,432.0,1464.0,238.88888888888889,High Growth,100.0,High Volume,Small,4
805659,1250.0,3263.0,161.04,High Growth,100.0,High Volume,Small,4
806429,158758.0,1121821.0,606.6232882752365,High Growth,100.0,High Volume,Enterprise,22
808055,4615.0,18608.0,303.20693391115924,High Growth,100.0,High Volume,Medium,10
808148,487.0,1538.0,215.81108829568788,High Growth,100.0,High Volume,Small,4
810116,1332.0,5078.0,281.2312312312312,High Growth,100.0,High Volume,Small,4
811549,8297.0,37228.0,348.6922984211161,High Growth,100.0,High Volume,Medium,10
813196,2090.0,16052.0,668.0382775119617,High Growth,100.0,High Volume,Medium,10
814873,1203.0,2992.0,148.7115544472153,High Growth,100.0,High Volume,Small,4
815936,722.0,10148.0,1305.5401662049862,High Growth,100.0,High Volume,Medium,10
816459,908.0,4773.0,425.6607929515418,High Growth,100.0,High Volume,Small,4
817337,464.0,195.0,-57.974137931034484,Declining,-57.974137931034484,Medium Volume,Other,0
820561,264.0,1191.0,351.1363636363636,High Growth,100.0,High Volume,Small,4
823286,452.0,873.0,93.14159292035397,High Growth,93.14159292035397,High Volume,Other,0
824351,776778.0,1937804.0,149.46690045289645,High Growth,100.0,High Volume,Enterprise,22
824951,1716.0,4230.0,146.5034965034965,High Growth,100.0,High Volume,Small,4
827397,243.0,1028.0,323.04526748971193,High Growth,100.0,High Volume,Small,4
827508,1209.0,7544.0,523.9867659222498,High Growth,100.0,High Volume,Small,4
828595,583.0,5247.0,800.0,High Growth,100.0,High Volume,Small,4
830319,256.0,1829.0,614.453125,High Growth,100.0,High Volume,Small,4
830513,37487.0,89197.0,137.94115293301678,High Growth,100.0,High Volume,Medium,10
830938,1982.0,5676.0,186.37739656912208,High Growth,100.0,High Volume,Small,4
831569,269.0,793.0,194.79553903345726,High Growth,100.0,High Volume,Other,0
832038,3.0,20758.0,691833.3333333333,High Growth,100.0,High Volume,Medium,10
833033,573.0,1663.0,190.22687609075044,High Growth,100.0,High Volume,Small,4
835177,617.0,3603.0,483.95461912479743,High Growth,100.0,High Volume,Small,4
835479,377.0,1208.0,220.42440318302386,High Growth,100.0,High Volume,Small,4
835653,6557.0,2708.0,-58.70062528595395,Declining,-58.70062528595395,High Volume,Small,4
835870,399.0,743.0,86.21553884711778,High Growth,86.21553884711778,High Volume,Other,0
835947,579.0,1897.0,227.63385146804836,High Growth,100.0,High Volume,Small,4
836437,34291.0,35931.0,4.782596016447465,Moderately Growing,4.782596016447465,High Volume,Medium,10
836626,282.0,617.0,118.79432624113475,High Growth,100.0,High Volume,Other,0
836878,535.0,219181.0,40868.411214953274,High Growth,100.0,High Volume,Large,17
837093,583.0,1186.0,103.43053173241852,High Growth,100.0,High Volume,Small,4
837803,4785.0,6702.0,40.06269592476489,High Growth,40.06269592476489,High Volume,Small,4
842216,1942.0,6461.0,232.6982492276004,High Growth,100.0,High Volume,Small,4
842632,3489.0,15630.0,347.97936371453136,High Growth,100.0,High Volume,Medium,10
842634,858.0,4083.0,375.87412587412587,High Growth,100.0,High Volume,Small,4
843144,98.0,6331.0,6360.204081632653,High Growth,100.0,High Volume,Small,4
843763,5386.0,16257.0,201.8380987746008,High Growth,100.0,High Volume,Medium,10
847595,6945.0,13535.0,94.88840892728582,High Growth,94.88840892728582,High Volume,Medium,10
847623,38256.0,0.0,-100.0,Declining,-100.0,Low Volume,Other,0
847697,460.0,978.0,112.6086956521739,High Growth,100.0,High Volume,Other,0
848666,5596.0,464504.0,8200.643316654754,High Growth,100.0,High Volume,Large,17
851178,170.0,2380.0,1300.0,High Growth,100.0,High Volume,Small,4
851894,1671.0,3348.0,100.35906642728905,High Growth,100.0,High Volume,Small,4
851995,729.0,1230.0,68.72427983539094,High Growth,68.72427983539094,High Volume,Small,4
852369,476.0,4116.0,764.7058823529412,High Growth,100.0,High Volume,Small,4
853055,1855.0,3985.0,114.82479784366578,High Growth,100.0,High Volume,Small,4
853082,1713.0,2533.0,47.869235259778165,High Growth,47.869235259778165,High Volume,Small,4
853148,233.0,467.0,100.42918454935624,High Growth,100.0,Medium Volume,Other,0
854749,586.0,1729.0,195.05119453924914,High Growth,100.0,High Volume,Small,4
854872,14261.0,79687.0,458.7756819297384,High Growth,100.0,High Volume,Medium,10
855186,13686.0,8349.0,-38.99605436212188,Declining,-38.99605436212188,High Volume,Small,4
856989,73886.0,245133.0,231.7719189020924,High Growth,100.0,High Volume,Large,17
857468,3645.0,5706.0,56.54320987654321,High Growth,56.54320987654321,High Volume,Small,4
857720,1060.0,4389.0,314.05660377358487,High Growth,100.0,High Volume,Small,4
857807,3282.0,7470.0,127.6051188299817,High Growth,100.0,High Volume,Small,4
857887,1271.0,854.0,-32.80881195908733,Declining,-32.80881195908733,High Volume,Other,0
858487,2743.0,22089.0,705.2861830113014,High Growth,100.0,High Volume,Medium,10
858782,445.0,1071.0,140.67415730337078,High Growth,100.0,High Volume,Small,4
859193,199.0,2105.0,957.7889447236181,High Growth,100.0,High Volume,Small,4
859730,1022.0,5825.0,469.9608610567514,High Growth,100.0,High Volume,Small,4
859903,601798.0,3867887.0,542.7218103084424,High Growth,100.0,High Volume,Enterprise,22
860746,1626.0,2927.0,80.01230012300124,High Growth,80.01230012300124,High Volume,Small,4
861251,301.0,3388.0,1025.5813953488373,High Growth,100.0,High Volume,Small,4
861405,993.0,6834.0,588.2175226586103,High Growth,100.0,High Volume,Small,4
862345,15.0,9037.0,60146.66666666667,High Growth,100.0,High Volume,Small,4
865032,662.0,622.0,-6.042296072507553,Declining,-6.042296072507553,High Volume,Other,0
865837,4654.0,14732.0,216.54490760636014,High Growth,100.0,High Volume,Medium,10
866497,0.0,1127.0,,New Customer,,High Volume,Small,4
867864,238.0,50533.0,21132.35294117647,High Growth,100.0,High Volume,Medium,10
869557,8.0,5915.0,73837.5,High Growth,100.0,High Volume,Small,4
870019,825.0,4131.0,400.7272727272727,High Growth,100.0,High Volume,Small,4
870788,351.0,1179.0,235.8974358974359,High Growth,100.0,High Volume,Small,4
871319,1272.0,2207.0,73.5062893081761,High Growth,73.5062893081761,High Volume,Small,4
871399,371.0,1088.0,193.26145552560646,High Growth,100.0,High Volume,Small,4
874167,460.0,2037.0,342.82608695652175,High Growth,100.0,High Volume,Small,4
875759,2578.0,3291.0,27.657098525989138,High Growth,27.657098525989138,High Volume,Small,4
876509,3252.0,940.0,-71.09471094710948,Declining,-71.09471094710948,High Volume,Other,0
876558,11987.0,30976.0,158.41328105447568,High Growth,100.0,High Volume,Medium,10
876734,872.0,1688.0,93.57798165137615,High Growth,93.57798165137615,High Volume,Small,4
877159,436.0,966.0,121.55963302752293,High Growth,100.0,High Volume,Other,0
877959,559.0,1054.0,88.5509838998211,High Growth,88.5509838998211,High Volume,Small,4
878069,3846.0,47157.0,1126.1310452418097,High Growth,100.0,High Volume,Medium,10
878258,2865.0,3248.0,13.36823734729494,High Growth,13.36823734729494,High Volume,Small,4
878317,85444.0,498766.0,483.7343757314732,High Growth,100.0,High Volume,Large,17
878771,15271.0,22256.0,45.74029205683976,High Growth,45.74029205683976,High Volume,Medium,10
879069,240.0,281.0,17.083333333333332,High Growth,17.083333333333332,Medium Volume,Other,0
879156,780.0,5544.0,610.7692307692307,High Growth,100.0,High Volume,Small,4
879386,583.0,782.0,34.133790737564325,High Growth,34.133790737564325,High Volume,Other,0
881237,444.0,1619.0,264.63963963963965,High Growth,100.0,High Volume,Small,4
882520,379.0,1302.0,243.53562005277044,High Growth,100.0,High Volume,Small,4
882876,61.0,14707.0,24009.83606557377,High Growth,100.0,High Volume,Medium,10
883541,606.0,1257.0,107.42574257425743,High Growth,100.0,High Volume,Small,4
883806,329.0,1356.0,312.15805471124617,High Growth,100.0,High Volume,Small,4
884057,434.0,2049.0,372.11981566820276,High Growth,100.0,High Volume,Small,4
885102,5642.0,15170.0,168.87628500531727,High Growth,100.0,High Volume,Medium,10
885680,1365156.0,5050022.0,269.9227048044326,High Growth,100.0,High Volume,Enterprise,22
885811,1936.0,5908.0,205.16528925619838,High Growth,100.0,High Volume,Small,4
885966,5627.0,14641.0,160.1919317575973,High Growth,100.0,High Volume,Medium,10
886134,1943.0,2513.0,29.336078229541947,High Growth,29.336078229541947,High Volume,Small,4
886840,763.0,37.0,-95.15072083879423,Declining,-95.15072083879423,Low Volume,Other,0
887972,1030.0,3567.0,246.3106796116505,High Growth,100.0,High Volume,Small,4
888355,326.0,1676.0,414.1104294478527,High Growth,100.0,High Volume,Small,4
891939,3088.0,0.0,-100.0,Declining,-100.0,Low Volume,Other,0
892717,1997.0,17372.0,769.9048572859289,High Growth,100.0,High Volume,Medium,10
894068,499.0,841.0,68.5370741482966,High Growth,68.5370741482966,High Volume,Other,0
894369,279.0,1342.0,381.00358422939064,High Growth,100.0,High Volume,Small,4
894561,94.0,884.0,840.4255319148936,High Growth,100.0,High Volume,Other,0
895205,1437.0,5009.0,248.5734168406402,High Growth,100.0,High Volume,Small,4
895304,16719.0,35928.0,114.89323524134218,High Growth,100.0,High Volume,Medium,10
896210,6510.0,2393.0,-63.24116743471582,Declining,-63.24116743471582,High Volume,Small,4
896717,299.0,2933.0,880.9364548494983,High Growth,100.0,High Volume,Small,4
896872,257.0,587.0,128.4046692607004,High Growth,100.0,High Volume,Other,0
897261,331.0,5509.0,1564.3504531722056,High Growth,100.0,High Volume,Small,4
897278,110.0,7782.0,6974.545454545455,High Growth,100.0,High Volume,Small,4
898838,428.0,2073.0,384.3457943925233,High Growth,100.0,High Volume,Small,4
899827,19271.0,90168.0,367.89476415339107,High Growth,100.0,High Volume,Medium,10
900446,371.0,1069.0,188.14016172506737,High Growth,100.0,High Volume,Small,4
901944,521.0,443.0,-14.971209213051823,Declining,-14.971209213051823,Medium Volume,Other,0
902073,678559.0,5129013.0,655.8683916947532,High Growth,100.0,High Volume,Enterprise,22
903876,2899.0,5134.0,77.0955501897206,High Growth,77.0955501897206,High Volume,Small,4
904643,0.0,2.0,,New Customer,,Low Volume,Other,0
904718,463.0,1387.0,199.56803455723542,High Growth,100.0,High Volume,Small,4
905725,1987.0,6280.0,216.0543532964268,High Growth,100.0,High Volume,Small,4
905956,719.0,4990.0,594.019471488178,High Growth,100.0,High Volume,Small,4
906211,1983.0,8447.0,325.9707513867877,High Growth,100.0,High Volume,Small,4
907223,3329.0,5860.0,76.02883748873536,High Growth,76.02883748873536,High Volume,Small,4
908519,440.0,1725.0,292.04545454545456,High Growth,100.0,High Volume,Small,4
909077,540.0,643.0,19.074074074074073,High Growth,19.074074074074073,High Volume,Other,0
911064,845.0,6055.0,616.5680473372781,High Growth,100.0,High Volume,Small,4
912392,746.0,3212.0,330.56300268096516,High Growth,100.0,High Volume,Small,4
912733,167.0,1872.0,1020.9580838323353,High Growth,100.0,High Volume,Small,4
913139,316.0,3453.0,992.7215189873417,High Growth,100.0,High Volume,Small,4
913855,396.0,3583.0,804.7979797979798,High Growth,100.0,High Volume,Small,4
916454,280.0,3623.0,1193.9285714285716,High Growth,100.0,High Volume,Small,4
916725,778.0,1681.0,116.0668380462725,High Growth,100.0,High Volume,Small,4
918240,63214.0,199654.0,215.83826367576805,High Growth,100.0,High Volume,Medium,10
920905,142.0,931.0,555.6338028169014,High Growth,100.0,High Volume,Other,0
921255,595.0,803.0,34.95798319327731,High Growth,34.95798319327731,High Volume,Other,0
921379,154.0,519.0,237.01298701298703,High Growth,100.0,High Volume,Other,0
921427,2547.0,6410.0,151.66862976050254,High Growth,100.0,High Volume,Small,4
921611,398490.0,2362742.0,492.9237872970464,High Growth,100.0,High Volume,Enterprise,22
922152,108.0,2914.0,2598.1481481481483,High Growth,100.0,High Volume,Small,4
924375,607.0,1165.0,91.92751235584844,High Growth,91.92751235584844,High Volume,Small,4
924590,403.0,12902.0,3101.4888337468983,High Growth,100.0,High Volume,Medium,10
925905,15714.0,86552.0,450.7954690085274,High Growth,100.0,High Volume,Medium,10
926614,925.0,3470.0,275.1351351351351,High Growth,100.0,High Volume,Small,4
927219,133.0,1072.0,706.015037593985,High Growth,100.0,High Volume,Small,4
928563,1758.0,2071.0,17.804323094425484,High Growth,17.804323094425484,High Volume,Small,4
928575,433.0,1012.0,133.71824480369514,High Growth,100.0,High Volume,Small,4
928667,1675.0,1726.0,3.044776119402985,Moderately Growing,3.044776119402985,High Volume,Small,4
929587,867.0,2139.0,146.71280276816609,High Growth,100.0,High Volume,Small,4
930139,585.0,5352.0,814.8717948717948,High Growth,100.0,High Volume,Small,4
930482,814.0,1011.0,24.201474201474202,High Growth,24.201474201474202,High Volume,Small,4
930786,455.0,1186.0,160.65934065934067,High Growth,100.0,High Volume,Small,4
931867,528.0,216.0,-59.09090909090909,Declining,-59.09090909090909,Medium Volume,Other,0
931980,1494.0,5188.0,247.25568942436414,High Growth,100.0,High Volume,Small,4
936134,565.0,822.0,45.48672566371682,High Growth,45.48672566371682,High Volume,Other,0
936951,48.0,4456.0,9183.333333333332,High Growth,100.0,High Volume,Small,4
937828,450.0,1967.0,337.1111111111111,High Growth,100.0,High Volume,Small,4
937860,852.0,81425.0,9456.924882629108,High Growth,100.0,High Volume,Medium,10
938287,1472.0,8479.0,476.0190217391305,High Growth,100.0,High Volume,Small,4
939820,804.0,6935.0,762.5621890547263,High Growth,100.0,High Volume,Small,4
940268,1024.0,3993.0,289.94140625,High Growth,100.0,High Volume,Small,4
941451,103390.0,345909.0,234.56717284070027,High Growth,100.0,High Volume,Large,17
942148,329.0,3773.0,1046.808510638298,High Growth,100.0,High Volume,Small,4
943000,1147.0,624.0,-45.597210113339145,Declining,-45.597210113339145,High Volume,Other,0
943901,580.0,220.0,-62.06896551724138,Declining,-62.06896551724138,Medium Volume,Other,0
945327,883.0,1909.0,116.1947904869762,High Growth,100.0,High Volume,Small,4
948156,1202.0,1720.0,43.09484193011647,High Growth,43.09484193011647,High Volume,Small,4
948971,410.0,1571.0,283.17073170731703,High Growth,100.0,High Volume,Small,4
951252,498.0,2673.0,436.7469879518072,High Growth,100.0,High Volume,Small,4
952291,3798.0,61121.0,1509.2943654555029,High Growth,100.0,High Volume,Medium,10
952364,321.0,3529.0,999.3769470404984,High Growth,100.0,High Volume,Small,4
952813,937.0,4858.0,418.4631803628602,High Growth,100.0,High Volume,Small,4
953829,1072.0,66.0,-93.84328358208955,Declining,-93.84328358208955,Low Volume,Other,0
953854,646.0,3570.0,452.6315789473684,High Growth,100.0,High Volume,Small,4
954070,121971.0,337777.0,176.93222159365752,High Growth,100.0,High Volume,Large,17
954178,358.0,758.0,111.73184357541899,High Growth,100.0,High Volume,Other,0
954516,12490.0,57245.0,358.32666132906326,High Growth,100.0,High Volume,Medium,10
954523,3919.0,8831.0,125.33809645317685,High Growth,100.0,High Volume,Small,4
954657,527.0,1525.0,189.37381404174573,High Growth,100.0,High Volume,Small,4
956321,704.0,682.0,-3.125,Declining,-3.125,High Volume,Other,0
958030,41664.0,91629.0,119.92367511520739,High Growth,100.0,High Volume,Medium,10
958309,0.0,2699.0,,New Customer,,High Volume,Small,4
959477,346.0,764.0,120.80924855491328,High Growth,100.0,High Volume,Other,0
961252,663.0,769.0,15.987933634992457,High Growth,15.987933634992457,High Volume,Other,0
962210,2372.0,3172.0,33.726812816188875,High Growth,33.726812816188875,High Volume,Small,4
962943,546.0,1305.0,139.010989010989,High Growth,100.0,High Volume,Small,4
965295,675.0,1454.0,115.4074074074074,High Growth,100.0,High Volume,Small,4
965584,0.0,7567.0,,New Customer,,High Volume,Small,4
966097,46728.0,109082.0,133.44033555897963,High Growth,100.0,High Volume,Medium,10
966592,410.0,855.0,108.53658536585367,High Growth,100.0,High Volume,Other,0
967700,3405.0,9036.0,165.37444933920705,High Growth,100.0,High Volume,Small,4
970248,556.0,9229.0,1559.8920863309352,High Growth,100.0,High Volume,Small,4
971797,412.0,3388.0,722.3300970873787,High Growth,100.0,High Volume,Small,4
972368,638.0,2977.0,366.6144200626959,High Growth,100.0,High Volume,Small,4
972598,367.0,3344.0,811.1716621253405,High Growth,100.0,High Volume,Small,4
972718,568.0,2136.0,276.056338028169,High Growth,100.0,High Volume,Small,4
973720,0.0,22395.0,,New Customer,,High Volume,Medium,10
975054,764.0,635.0,-16.8848167539267,Declining,-16.8848167539267,High Volume,Other,0
975328,461.0,2575.0,458.56832971800435,High Growth,100.0,High Volume,Small,4
975336,199.0,84.0,-57.78894472361809,Declining,-57.78894472361809,Low Volume,Other,0
976044,270.0,2184.0,708.8888888888889,High Growth,100.0,High Volume,Small,4
976180,0.0,2507.0,,New Customer,,High Volume,Small,4
977352,2481.0,31399.0,1165.5783958081417,High Growth,100.0,High Volume,Medium,10
978343,537.0,3858.0,618.4357541899441,High Growth,100.0,High Volume,Small,4
979549,2231.0,0.0,-100.0,Declining,-100.0,Low Volume,Other,0
979892,585.0,2948.0,403.9316239316239,High Growth,100.0,High Volume,Small,4
980193,601.0,676.0,12.479201331114808,High Growth,12.479201331114808,High Volume,Other,0
982806,1587.0,1322.0,-16.698172652804033,Declining,-16.698172652804033,High Volume,Small,4
983349,573.0,2708.0,372.60034904013963,High Growth,100.0,High Volume,Small,4
983904,314.0,1261.0,301.5923566878981,High Growth,100.0,High Volume,Small,4
985198,474.0,1721.0,263.0801687763713,High Growth,100.0,High Volume,Small,4
985225,86.0,728.0,746.5116279069767,High Growth,100.0,High Volume,Other,0
985336,641.0,519.0,-19.03276131045242,Declining,-19.03276131045242,High Volume,Other,0
986495,1868.0,2091.0,11.937901498929335,High Growth,11.937901498929335,High Volume,Small,4
986637,390.0,250.0,-35.8974358974359,Declining,-35.8974358974359,Medium Volume,Other,0
987288,959.0,14768.0,1439.937434827946,High Growth,100.0,High Volume,Medium,10
989429,252.0,1062.0,321.42857142857144,High Growth,100.0,High Volume,Small,4
989822,9080.0,15684.0,72.73127753303964,High Growth,72.73127753303964,High Volume,Medium,10
990621,5076.0,32265.0,535.6382978723404,High Growth,100.0,High Volume,Medium,10
990926,0.0,10247.0,,New Customer,,High Volume,Medium,10
991844,3571.0,9958.0,178.85746289554746,High Growth,100.0,High Volume,Small,4
992027,9519.0,16360.0,71.86679273032883,High Growth,71.86679273032883,High Volume,Medium,10
992405,670.0,1502.0,124.17910447761193,High Growth,100.0,High Volume,Small,4
992524,661.0,1373.0,107.71558245083209,High Growth,100.0,High Volume,Small,4
993472,1617.0,3753.0,132.09647495361781,High Growth,100.0,High Volume,Small,4
993759,748.0,1794.0,139.83957219251337,High Growth,100.0,High Volume,Small,4
994361,681.0,880.0,29.22173274596182,High Growth,29.22173274596182,High Volume,Other,0
994762,265.0,47.0,-82.26415094339623,Declining,-82.26415094339623,Low Volume,Other,0
995173,483.0,4605.0,853.416149068323,High Growth,100.0,High Volume,Small,4
999141,900.0,2505.0,178.33333333333334,High Growth,100.0,High Volume,Small,4
999362,1112.0,3259.0,193.07553956834533,High Growth,100.0,High Volume,Small,4
